Date,Time,Location,Day,Traffic_Volume,Average_Speed,Weather,Temperature,Rainfall,Vehicle_Type,Accidents
2025-09-01,00:00,Central Business District,Monday,156,43.5,Cloudy,24.8,0.0,Truck,0
2025-09-01,00:00,Highway Junction,Monday,168,67.1,Cloudy,24.8,0.0,Two-Wheeler,0
2025-09-01,00:00,Railway Station Road,Monday,125,40.7,Cloudy,24.8,0.0,Two-Wheeler,0
2025-09-01,00:00,Residential Ring Road,Monday,62,52.6,Cloudy,24.8,0.0,Two-Wheeler,0
2025-09-01,00:00,University Avenue,Monday,83,50.2,Cloudy,24.8,0.0,Truck,0
2025-09-01,01:00,Central Business District,Monday,145,43.5,Cloudy,23.0,0.0,Car,0
2025-09-01,01:00,Highway Junction,Monday,174,69.0,Cloudy,23.0,0.0,Two-Wheeler,0
2025-09-01,01:00,Railway Station Road,Monday,115,42.5,Cloudy,23.0,0.0,Truck,0
2025-09-01,01:00,Residential Ring Road,Monday,68,50.7,Cloudy,23.0,0.0,Truck,0
2025-09-01,01:00,University Avenue,Monday,99,54.8,Cloudy,23.0,0.0,Truck,0
2025-09-01,02:00,Central Business District,Monday,165,45.0,Cloudy,22.3,0.0,Two-Wheeler,0
2025-09-01,02:00,Highway Junction,Monday,186,70.2,Cloudy,22.3,0.0,Truck,0
2025-09-01,02:00,Railway Station Road,Monday,124,36.3,Cloudy,22.3,0.0,Truck,0
2025-09-01,02:00,Residential Ring Road,Monday,71,49.0,Cloudy,22.3,0.0,Truck,0
2025-09-01,02:00,University Avenue,Monday,101,49.3,Cloudy,22.3,0.0,Two-Wheeler,0
2025-09-01,03:00,Central Business District,Monday,135,44.1,Cloudy,22.2,0.0,Car,0
2025-09-01,03:00,Highway Junction,Monday,192,70.3,Cloudy,22.2,0.0,Car,0
2025-09-01,03:00,Railway Station Road,Monday,108,40.8,Cloudy,22.2,0.0,Truck,0
2025-09-01,03:00,Residential Ring Road,Monday,69,50.5,Cloudy,22.2,0.0,Car,0
2025-09-01,03:00,University Avenue,Monday,95,50.2,Cloudy,22.2,0.0,Car,0
2025-09-01,04:00,Central Business District,Monday,155,47.2,Cloudy,23.1,0.0,Truck,0
2025-09-01,04:00,Highway Junction,Monday,197,71.4,Cloudy,23.1,0.0,Two-Wheeler,0
2025-09-01,04:00,Railway Station Road,Monday,131,38.9,Cloudy,23.1,0.0,Truck,0
2025-09-01,04:00,Residential Ring Road,Monday,79,45.0,Cloudy,23.1,0.0,Bus,0
2025-09-01,04:00,University Avenue,Monday,103,48.7,Cloudy,23.1,0.0,Bus,0
2025-09-01,05:00,Central Business District,Monday,171,46.9,Cloudy,23.4,0.0,Two-Wheeler,0
2025-09-01,05:00,Highway Junction,Monday,347,66.8,Cloudy,23.4,0.0,Bus,0
2025-09-01,05:00,Railway Station Road,Monday,236,41.4,Cloudy,23.4,0.0,Car,0
2025-09-01,05:00,Residential Ring Road,Monday,155,45.8,Cloudy,23.4,0.0,Truck,0
2025-09-01,05:00,University Avenue,Monday,111,49.2,Cloudy,23.4,0.0,Two-Wheeler,0
2025-09-01,06:00,Central Business District,Monday,292,44.0,Cloudy,24.1,0.0,Two-Wheeler,0
2025-09-01,06:00,Highway Junction,Monday,820,66.6,Cloudy,24.1,0.0,Truck,0
2025-09-01,06:00,Railway Station Road,Monday,557,35.5,Cloudy,24.1,0.0,Two-Wheeler,0
2025-09-01,06:00,Residential Ring Road,Monday,405,46.3,Cloudy,24.1,0.0,Two-Wheeler,0
2025-09-01,06:00,University Avenue,Monday,193,46.8,Cloudy,24.1,0.0,Car,0
2025-09-01,07:00,Central Business District,Monday,699,43.8,Cloudy,25.1,0.0,Car,0
2025-09-01,07:00,Highway Junction,Monday,1687,53.6,Cloudy,25.1,0.0,Auto Rickshaw,0
2025-09-01,07:00,Railway Station Road,Monday,1166,31.5,Cloudy,25.1,0.0,Car,0
2025-09-01,07:00,Residential Ring Road,Monday,736,34.6,Cloudy,25.1,0.0,Bus,0
2025-09-01,07:00,University Avenue,Monday,472,45.2,Cloudy,25.1,0.0,Two-Wheeler,0
2025-09-01,08:00,Central Business District,Monday,1805,32.8,Cloudy,27.5,0.0,Two-Wheeler,0
2025-09-01,08:00,Highway Junction,Monday,2555,42.6,Cloudy,27.5,0.0,Two-Wheeler,0
2025-09-01,08:00,Railway Station Road,Monday,1872,22.1,Cloudy,27.5,0.0,Two-Wheeler,0
2025-09-01,08:00,Residential Ring Road,Monday,729,34.5,Cloudy,27.5,0.0,Car,0
2025-09-01,08:00,University Avenue,Monday,922,35.6,Cloudy,27.5,0.0,Car,0
2025-09-01,09:00,Central Business District,Monday,2167,25.2,Cloudy,26.7,0.0,Auto Rickshaw,0
2025-09-01,09:00,Highway Junction,Monday,1821,54.8,Cloudy,26.7,0.0,Bus,0
2025-09-01,09:00,Railway Station Road,Monday,1602,25.6,Cloudy,26.7,0.0,Truck,0
2025-09-01,09:00,Residential Ring Road,Monday,515,44.3,Cloudy,26.7,0.0,Truck,0
2025-09-01,09:00,University Avenue,Monday,1284,27.8,Cloudy,26.7,0.0,Two-Wheeler,0
2025-09-01,10:00,Central Business District,Monday,2049,25.3,Cloudy,27.8,0.0,Two-Wheeler,0
2025-09-01,10:00,Highway Junction,Monday,1293,61.1,Cloudy,27.8,0.0,Two-Wheeler,0
2025-09-01,10:00,Railway Station Road,Monday,998,35.8,Cloudy,27.8,0.0,Car,0
2025-09-01,10:00,Residential Ring Road,Monday,382,44.5,Cloudy,27.8,0.0,Two-Wheeler,0
2025-09-01,10:00,University Avenue,Monday,1047,34.9,Cloudy,27.8,0.0,Two-Wheeler,0
2025-09-01,11:00,Central Business District,Monday,1263,35.7,Cloudy,28.6,0.0,Bus,0
2025-09-01,11:00,Highway Junction,Monday,916,65.4,Cloudy,28.6,0.0,Two-Wheeler,0
2025-09-01,11:00,Railway Station Road,Monday,769,,Cloudy,28.6,0.0,Car,0
2025-09-01,11:00,Residential Ring Road,Monday,362,44.1,Cloudy,,0.0,Two-Wheeler,0
2025-09-01,11:00,University Avenue,Monday,806,40.5,Cloudy,28.6,0.0,Car,0
2025-09-01,12:00,Central Business District,Monday,1157,41.5,Cloudy,30.7,0.0,Auto Rickshaw,0
2025-09-01,12:00,Highway Junction,Monday,1243,60.5,Cloudy,30.7,0.0,Two-Wheeler,0
2025-09-01,12:00,Railway Station Road,Monday,773,39.0,Cloudy,30.7,0.0,Two-Wheeler,0
2025-09-01,12:00,Residential Ring Road,Monday,418,45.1,Cloudy,30.7,0.0,Two-Wheeler,0
2025-09-01,12:00,University Avenue,Monday,686,49.0,Cloudy,30.7,0.0,Two-Wheeler,0
2025-09-01,13:00,Central Business District,Monday,1024,35.0,Drizzle,28.3,0.5,Two-Wheeler,0
2025-09-01,13:00,Highway Junction,Monday,1243,61.4,Drizzle,28.3,0.5,Auto Rickshaw,0
2025-09-01,13:00,Railway Station Road,Monday,725,35.6,Drizzle,28.3,0.5,Two-Wheeler,0
2025-09-01,13:00,Residential Ring Road,Monday,439,40.0,Drizzle,28.3,0.5,Two-Wheeler,0
2025-09-01,13:00,University Avenue,Monday,764,38.3,Drizzle,28.3,0.5,Car,0
2025-09-01,14:00,Central Business District,Monday,995,38.6,Drizzle,28.2,1.1,Truck,0
2025-09-01,14:00,Highway Junction,Monday,1187,59.3,Drizzle,28.2,1.1,Two-Wheeler,0
2025-09-01,14:00,Railway Station Road,Monday,844,32.1,Drizzle,28.2,1.1,Two-Wheeler,0
2025-09-01,14:00,Residential Ring Road,Monday,419,43.3,Drizzle,28.2,1.1,Car,0
2025-09-01,14:00,University Avenue,Monday,905,40.5,Drizzle,28.2,1.1,Two-Wheeler,0
2025-09-01,15:00,Central Business District,Monday,1075,38.9,Drizzle,29.6,1.4,Two-Wheeler,0
2025-09-01,15:00,Highway Junction,Monday,1451,56.2,Drizzle,29.6,1.4,Two-Wheeler,0
2025-09-01,15:00,Railway Station Road,Monday,812,34.2,Drizzle,29.6,1.4,Auto Rickshaw,0
2025-09-01,15:00,Residential Ring Road,Monday,369,46.7,Drizzle,29.6,1.4,Truck,0
2025-09-01,15:00,University Avenue,Monday,1300,28.6,Drizzle,29.6,1.4,Two-Wheeler,0
2025-09-01,16:00,Central Business District,Monday,1393,35.6,Drizzle,27.9,1.7,Two-Wheeler,0
2025-09-01,16:00,Highway Junction,Monday,1924,51.4,Drizzle,27.9,1.7,Auto Rickshaw,0
2025-09-01,16:00,Railway Station Road,Monday,953,31.3,Drizzle,27.9,1.7,Car,0
2025-09-01,16:00,Residential Ring Road,Monday,425,46.8,Drizzle,27.9,1.7,Car,0
2025-09-01,16:00,University Avenue,Monday,1269,33.4,Drizzle,27.9,1.7,Car,0
2025-09-01,17:00,Central Business District,Monday,1810,29.8,Drizzle,27.9,0.8,Two-Wheeler,0
2025-09-01,17:00,Highway Junction,Monday,2344,38.0,Drizzle,27.9,0.8,Two-Wheeler,0
2025-09-01,17:00,Railway Station Road,Monday,1355,30.4,Drizzle,27.9,0.8,Car,0
2025-09-01,17:00,Residential Ring Road,Monday,507,39.8,Drizzle,27.9,0.8,Two-Wheeler,0
2025-09-01,17:00,University Avenue,Monday,1220,30.5,Drizzle,27.9,0.8,Auto Rickshaw,0
2025-09-01,18:00,Central Business District,Monday,2033,31.2,Drizzle,27.8,1.6,Bus,0
2025-09-01,18:00,Highway Junction,Monday,2243,46.5,Drizzle,27.8,1.6,Car,0
2025-09-01,18:00,Railway Station Road,Monday,1811,22.3,Drizzle,27.8,1.6,Car,0
2025-09-01,18:00,Residential Ring Road,Monday,634,39.8,Drizzle,27.8,1.6,Car,0
2025-09-01,18:00,University Avenue,Monday,835,36.4,Drizzle,27.8,1.6,Two-Wheeler,0
2025-09-01,19:00,Central Business District,Monday,1911,28.1,Cloudy,29.4,0.0,Car,0
2025-09-01,19:00,Highway Junction,Monday,1493,57.2,Cloudy,29.4,0.0,Auto Rickshaw,0
2025-09-01,19:00,Railway Station Road,Monday,1631,22.1,Cloudy,29.4,0.0,Car,0
2025-09-01,19:00,Residential Ring Road,Monday,784,37.6,Cloudy,29.4,0.0,Car,0
2025-09-01,19:00,University Avenue,Monday,483,47.1,Cloudy,29.4,0.0,Truck,0
2025-09-01,20:00,Central Business District,Monday,1158,38.0,Cloudy,28.9,0.0,Two-Wheeler,0
2025-09-01,20:00,Highway Junction,Monday,891,65.6,Cloudy,28.9,0.0,Two-Wheeler,0
2025-09-01,20:00,Railway Station Road,Monday,1128,30.3,Cloudy,28.9,0.0,Two-Wheeler,0
2025-09-01,20:00,Residential Ring Road,Monday,557,38.0,Cloudy,28.9,0.0,Car,0
2025-09-01,20:00,University Avenue,Monday,228,49.4,Cloudy,28.9,0.0,Car,0
2025-09-01,21:00,Central Business District,Monday,545,42.3,Cloudy,27.2,0.0,Two-Wheeler,0
2025-09-01,21:00,Highway Junction,Monday,416,70.6,Cloudy,27.2,0.0,Two-Wheeler,0
2025-09-01,21:00,Railway Station Road,Monday,638,37.3,Cloudy,27.2,0.0,Car,0
2025-09-01,21:00,Residential Ring Road,Monday,353,46.8,Cloudy,27.2,0.0,Truck,0
2025-09-01,21:00,University Avenue,Monday,109,48.9,Cloudy,27.2,0.0,Two-Wheeler,0
2025-09-01,22:00,Central Business District,Monday,281,43.1,Cloudy,26.4,0.0,Truck,0
2025-09-01,22:00,Highway Junction,Monday,224,70.3,Cloudy,26.4,0.0,Truck,0
2025-09-01,22:00,Railway Station Road,Monday,278,41.1,Cloudy,26.4,0.0,Truck,0
2025-09-01,22:00,Residential Ring Road,Monday,193,53.3,Cloudy,26.4,0.0,Car,0
2025-09-01,22:00,University Avenue,Monday,92,48.0,Cloudy,26.4,0.0,Truck,0
2025-09-01,23:00,Central Business District,Monday,170,45.5,Cloudy,24.8,0.0,Truck,0
2025-09-01,23:00,Highway Junction,Monday,210,69.3,Cloudy,24.8,0.0,Two-Wheeler,0
2025-09-01,23:00,Railway Station Road,Monday,162,42.5,Cloudy,24.8,0.0,Truck,0
2025-09-01,23:00,Residential Ring Road,Monday,101,46.3,Cloudy,24.8,0.0,Two-Wheeler,0
2025-09-01,23:00,University Avenue,Monday,86,49.6,Cloudy,24.8,0.0,Truck,0
2025-09-02,00:00,Central Business District,Tuesday,156,50.0,Cloudy,24.3,0.0,Auto Rickshaw,0
2025-09-02,00:00,Highway Junction,Tuesday,186,69.0,Cloudy,24.3,0.0,Bus,0
2025-09-02,00:00,Railway Station Road,Tuesday,121,39.5,Cloudy,24.3,0.0,Car,0
2025-09-02,00:00,Residential Ring Road,Tuesday,69,50.1,Cloudy,24.3,0.0,Two-Wheeler,2
2025-09-02,00:00,University Avenue,Tuesday,89,48.9,Cloudy,24.3,0.0,Truck,0
2025-09-02,01:00,Central Business District,Tuesday,147,46.7,Cloudy,21.9,0.0,Bus,0
2025-09-02,01:00,Highway Junction,Tuesday,189,72.5,Cloudy,21.9,0.0,Bus,0
2025-09-02,01:00,Railway Station Road,Tuesday,124,41.0,Cloudy,21.9,0.0,Car,0
2025-09-02,01:00,Residential Ring Road,Tuesday,64,49.9,Cloudy,21.9,0.0,Two-Wheeler,0
2025-09-02,01:00,University Avenue,Tuesday,93,47.0,Cloudy,21.9,0.0,Car,0
2025-09-02,02:00,Central Business District,Tuesday,139,45.5,Cloudy,22.4,0.0,Two-Wheeler,0
2025-09-02,02:00,Highway Junction,Tuesday,154,67.9,Cloudy,22.4,0.0,Truck,0
2025-09-02,02:00,Railway Station Road,Tuesday,119,38.3,Cloudy,22.4,0.0,Two-Wheeler,0
2025-09-02,02:00,Residential Ring Road,Tuesday,72,49.3,Cloudy,22.4,0.0,Car,0
2025-09-02,02:00,University Avenue,Tuesday,87,53.3,Cloudy,22.4,0.0,Two-Wheeler,0
2025-09-02,03:00,Central Business District,Tuesday,144,44.6,Cloudy,22.1,0.0,Bus,0
2025-09-02,03:00,Highway Junction,Tuesday,194,69.9,Cloudy,22.1,0.0,Truck,1
2025-09-02,03:00,Railway Station Road,Tuesday,102,35.8,Cloudy,22.1,0.0,Truck,0
2025-09-02,03:00,Residential Ring Road,Tuesday,71,49.9,Cloudy,22.1,0.0,Auto Rickshaw,0
2025-09-02,03:00,University Avenue,Tuesday,94,50.6,Cloudy,22.1,0.0,Two-Wheeler,0
2025-09-02,04:00,Central Business District,Tuesday,125,42.0,Cloudy,22.1,0.0,Truck,0
2025-09-02,04:00,Highway Junction,Tuesday,185,65.8,Cloudy,22.1,0.0,Car,0
2025-09-02,04:00,Railway Station Road,Tuesday,133,36.7,Cloudy,22.1,0.0,Truck,0
2025-09-02,04:00,Residential Ring Road,Tuesday,83,46.4,Cloudy,22.1,0.0,Car,0
2025-09-02,04:00,University Avenue,Tuesday,110,53.2,Cloudy,22.1,0.0,Two-Wheeler,0
2025-09-02,05:00,Central Business District,Tuesday,178,45.5,Cloudy,22.9,0.0,Truck,0
2025-09-02,05:00,Highway Junction,Tuesday,368,70.8,Cloudy,22.9,0.0,Two-Wheeler,0
2025-09-02,05:00,Railway Station Road,Tuesday,224,40.6,Cloudy,22.9,0.0,Car,0
2025-09-02,05:00,Residential Ring Road,Tuesday,194,52.3,Cloudy,22.9,0.0,Truck,0
2025-09-02,05:00,University Avenue,Tuesday,104,50.4,Cloudy,22.9,0.0,Truck,0
2025-09-02,06:00,Central Business District,Tuesday,348,41.8,Cloudy,25.0,0.0,Two-Wheeler,0
2025-09-02,06:00,Highway Junction,Tuesday,869,64.1,Cloudy,25.0,0.0,Truck,0
2025-09-02,06:00,Railway Station Road,Tuesday,637,,Cloudy,25.0,0.0,Two-Wheeler,0
2025-09-02,06:00,Residential Ring Road,Tuesday,333,43.4,Cloudy,25.0,0.0,Car,0
2025-09-02,06:00,University Avenue,Tuesday,174,47.4,Cloudy,25.0,0.0,Two-Wheeler,0
2025-09-02,07:00,Central Business District,Tuesday,752,44.0,Cloudy,24.1,0.0,Bus,0
2025-09-02,07:00,Highway Junction,Tuesday,1657,53.8,Cloudy,24.1,0.0,Car,0
2025-09-02,07:00,Railway Station Road,Tuesday,1367,30.4,Cloudy,24.1,0.0,Two-Wheeler,0
2025-09-02,07:00,Residential Ring Road,Tuesday,579,40.9,Cloudy,24.1,0.0,Car,0
2025-09-02,07:00,University Avenue,Tuesday,479,44.7,Cloudy,24.1,0.0,Bus,0
2025-09-02,08:00,Central Business District,Tuesday,1753,32.1,Cloudy,26.6,0.0,Two-Wheeler,0
2025-09-02,08:00,Highway Junction,Tuesday,2295,43.4,Cloudy,26.6,0.0,Car,0
2025-09-02,08:00,Railway Station Road,Tuesday,1958,18.1,Cloudy,26.6,0.0,Two-Wheeler,0
2025-09-02,08:00,Residential Ring Road,Tuesday,679,38.7,Cloudy,26.6,0.0,Two-Wheeler,0
2025-09-02,08:00,University Avenue,Tuesday,1031,36.0,Cloudy,26.6,0.0,Truck,0
2025-09-02,09:00,Central Business District,Tuesday,2507,20.1,Cloudy,25.7,0.0,Two-Wheeler,0
2025-09-02,09:00,Highway Junction,Tuesday,2080,51.1,Cloudy,25.7,0.0,Auto Rickshaw,0
2025-09-02,09:00,Highway Junction,Tuesday,2080,51.1,Cloudy,25.7,0.0,Auto Rickshaw,0
2025-09-02,09:00,Railway Station Road,Tuesday,1614,25.6,Cloudy,,0.0,Car,0
2025-09-02,09:00,Residential Ring Road,Tuesday,506,43.3,Cloudy,25.7,0.0,Two-Wheeler,0
2025-09-02,09:00,University Avenue,Tuesday,1298,29.3,Cloudy,25.7,0.0,Truck,0
2025-09-02,10:00,Central Business District,Tuesday,1960,31.5,Cloudy,27.9,0.0,Two-Wheeler,0
2025-09-02,10:00,Highway Junction,Tuesday,1549,59.1,Cloudy,27.9,0.0,Two-Wheeler,0
2025-09-02,10:00,Railway Station Road,Tuesday,1056,28.2,Cloudy,27.9,0.0,Car,0
2025-09-02,10:00,Residential Ring Road,Tuesday,363,41.4,Cloudy,27.9,0.0,Auto Rickshaw,0
2025-09-02,10:00,University Avenue,Tuesday,1147,33.7,Cloudy,27.9,0.0,Truck,0
2025-09-02,11:00,Central Business District,Tuesday,1225,35.8,Cloudy,29.4,0.0,Car,0
2025-09-02,11:00,Highway Junction,Tuesday,909,64.0,Cloudy,29.4,0.0,Bus,0
2025-09-02,11:00,Railway Station Road,Tuesday,755,31.5,Cloudy,29.4,0.0,Car,0
2025-09-02,11:00,Residential Ring Road,Tuesday,354,46.6,Cloudy,29.4,0.0,Truck,0
2025-09-02,11:00,University Avenue,Tuesday,790,35.8,Cloudy,29.4,0.0,Two-Wheeler,0
2025-09-02,12:00,Central Business District,Tuesday,1032,39.7,Cloudy,30.7,0.0,Car,0
2025-09-02,12:00,Highway Junction,Tuesday,1152,,Cloudy,30.7,0.0,Two-Wheeler,0
2025-09-02,12:00,Railway Station Road,Tuesday,731,34.8,Cloudy,30.7,0.0,Car,0
2025-09-02,12:00,Residential Ring Road,Tuesday,444,44.5,Cloudy,30.7,0.0,Auto Rickshaw,0
2025-09-02,12:00,University Avenue,Tuesday,679,44.7,Cloudy,30.7,0.0,Two-Wheeler,0
2025-09-02,13:00,Central Business District,Tuesday,1033,40.3,Cloudy,31.5,0.0,Car,0
2025-09-02,13:00,Highway Junction,Tuesday,1338,59.9,Cloudy,31.5,0.0,Truck,0
2025-09-02,13:00,Railway Station Road,Tuesday,763,36.4,Cloudy,31.5,0.0,Car,0
2025-09-02,13:00,Residential Ring Road,Tuesday,402,45.6,Cloudy,31.5,0.0,Two-Wheeler,0
2025-09-02,13:00,University Avenue,Tuesday,674,47.5,Cloudy,31.5,0.0,Car,0
2025-09-02,14:00,Central Business District,Tuesday,998,38.3,Cloudy,32.0,0.0,Two-Wheeler,0
2025-09-02,14:00,Highway Junction,Tuesday,1450,55.7,Cloudy,32.0,0.0,Auto Rickshaw,1
2025-09-02,14:00,Railway Station Road,Tuesday,779,37.3,Cloudy,32.0,0.0,Two-Wheeler,0
2025-09-02,14:00,Residential Ring Road,Tuesday,423,45.1,Cloudy,32.0,0.0,Car,0
2025-09-02,14:00,University Avenue,Tuesday,875,39.9,Cloudy,32.0,0.0,Bus,1
2025-09-02,15:00,Central Business District,Tuesday,1185,40.5,Cloudy,31.2,0.0,Car,0
2025-09-02,15:00,Highway Junction,Tuesday,1518,60.8,Cloudy,31.2,0.0,Two-Wheeler,0
2025-09-02,15:00,Railway Station Road,Tuesday,802,34.9,Cloudy,31.2,0.0,Two-Wheeler,0
2025-09-02,15:00,Railway Station Road,Tuesday,802,34.9,Cloudy,31.2,0.0,Two-Wheeler,0
2025-09-02,15:00,Residential Ring Road,Tuesday,344,49.7,Cloudy,31.2,0.0,Car,0
2025-09-02,15:00,University Avenue,Tuesday,1249,28.6,Cloudy,31.2,0.0,Two-Wheeler,0
2025-09-02,16:00,Central Business District,Tuesday,1584,30.3,Cloudy,31.0,0.0,Two-Wheeler,0
2025-09-02,16:00,Highway Junction,Tuesday,1939,56.5,Cloudy,31.0,0.0,Auto Rickshaw,0
2025-09-02,16:00,Railway Station Road,Tuesday,980,32.4,Cloudy,31.0,0.0,Car,0
2025-09-02,16:00,Residential Ring Road,Tuesday,440,42.4,Cloudy,31.0,0.0,Two-Wheeler,0
2025-09-02,16:00,University Avenue,Tuesday,1334,30.0,Cloudy,31.0,0.0,Two-Wheeler,0
2025-09-02,17:00,Central Business District,Tuesday,2120,26.0,Cloudy,31.6,0.0,Car,0
2025-09-02,17:00,Highway Junction,Tuesday,2261,45.2,Cloudy,31.6,0.0,Car,0
2025-09-02,17:00,Railway Station Road,Tuesday,1386,31.3,Cloudy,31.6,0.0,Car,0
2025-09-02,17:00,Residential Ring Road,Tuesday,503,42.5,Cloudy,31.6,0.0,Auto Rickshaw,0
2025-09-02,17:00,University Avenue,Tuesday,1278,31.9,Cloudy,31.6,0.0,Two-Wheeler,0
2025-09-02,18:00,Central Business District,Tuesday,1965,30.4,Cloudy,30.0,0.0,Two-Wheeler,0
2025-09-02,18:00,Highway Junction,Tuesday,2095,50.7,Cloudy,30.0,0.0,Bus,0
2025-09-02,18:00,Railway Station Road,Tuesday,1496,29.9,Cloudy,30.0,0.0,Two-Wheeler,0
2025-09-02,18:00,Residential Ring Road,Tuesday,705,37.1,Cloudy,30.0,0.0,Car,0
2025-09-02,18:00,University Avenue,Tuesday,1004,39.5,Cloudy,30.0,0.0,Car,0
2025-09-02,19:00,Central Business District,Tuesday,2004,28.3,Cloudy,28.2,0.0,Auto Rickshaw,0
2025-09-02,19:00,Highway Junction,Tuesday,1536,59.9,Cloudy,28.2,0.0,Car,0
2025-09-02,19:00,Railway Station Road,Tuesday,1487,28.1,Cloudy,28.2,0.0,Car,0
2025-09-02,19:00,Residential Ring Road,Tuesday,682,37.7,Cloudy,28.2,0.0,Auto Rickshaw,0
2025-09-02,19:00,University Avenue,Tuesday,430,43.8,Cloudy,28.2,0.0,Car,0
2025-09-02,20:00,Central Business District,Tuesday,1068,42.1,Cloudy,27.3,0.0,Car,0
2025-09-02,20:00,Highway Junction,Tuesday,810,65.5,Cloudy,27.3,0.0,Car,0
2025-09-02,20:00,Railway Station Road,Tuesday,1142,32.3,Cloudy,27.3,0.0,Two-Wheeler,0
2025-09-02,20:00,Residential Ring Road,Tuesday,563,39.0,Cloudy,27.3,0.0,Car,0
2025-09-02,20:00,University Avenue,Tuesday,243,45.9,Cloudy,27.3,0.0,Two-Wheeler,0
2025-09-02,21:00,Central Business District,Tuesday,571,40.3,Cloudy,26.3,0.0,Two-Wheeler,0
2025-09-02,21:00,Highway Junction,Tuesday,418,69.6,Cloudy,26.3,0.0,Two-Wheeler,0
2025-09-02,21:00,Railway Station Road,Tuesday,684,37.0,Cloudy,26.3,0.0,Two-Wheeler,0
2025-09-02,21:00,Residential Ring Road,Tuesday,325,46.8,Cloudy,26.3,0.0,Car,0
2025-09-02,21:00,University Avenue,Tuesday,109,49.5,Cloudy,26.3,0.0,Two-Wheeler,0
2025-09-02,22:00,Central Business District,Tuesday,256,40.5,Cloudy,26.2,0.0,Truck,1
2025-09-02,22:00,Highway Junction,Tuesday,244,71.3,Cloudy,26.2,0.0,Two-Wheeler,0
2025-09-02,22:00,Railway Station Road,Tuesday,293,38.2,Cloudy,26.2,0.0,Two-Wheeler,0
2025-09-02,22:00,Residential Ring Road,Tuesday,179,50.1,Cloudy,26.2,0.0,Auto Rickshaw,0
2025-09-02,22:00,University Avenue,Tuesday,96,45.4,Cloudy,26.2,0.0,Car,0
2025-09-02,23:00,Central Business District,Tuesday,187,44.1,Cloudy,24.9,0.0,Car,0
2025-09-02,23:00,Highway Junction,Tuesday,180,68.4,Cloudy,24.9,0.0,Truck,0
2025-09-02,23:00,Railway Station Road,Tuesday,162,42.4,Cloudy,24.9,0.0,Car,0
2025-09-02,23:00,Residential Ring Road,Tuesday,98,48.0,Cloudy,24.9,0.0,Truck,0
2025-09-02,23:00,University Avenue,Tuesday,85,50.8,Cloudy,24.9,0.0,Two-Wheeler,0
2025-09-03,00:00,Central Business District,Wednesday,141,44.0,Cloudy,23.5,0.0,Truck,0
2025-09-03,00:00,Highway Junction,Wednesday,175,70.3,Cloudy,23.5,0.0,Truck,0
2025-09-03,00:00,Railway Station Road,Wednesday,109,37.9,Cloudy,23.5,0.0,Auto Rickshaw,0
2025-09-03,00:00,Residential Ring Road,Wednesday,59,49.8,Cloudy,23.5,0.0,Auto Rickshaw,0
2025-09-03,00:00,University Avenue,Wednesday,90,51.2,Cloudy,23.5,0.0,Car,0
2025-09-03,01:00,Central Business District,Wednesday,146,47.1,Cloudy,23.2,0.0,Truck,0
2025-09-03,01:00,Highway Junction,Wednesday,161,69.3,Cloudy,23.2,0.0,Auto Rickshaw,0
2025-09-03,01:00,Railway Station Road,Wednesday,113,39.6,Cloudy,23.2,0.0,Car,0
2025-09-03,01:00,Residential Ring Road,Wednesday,67,50.3,Cloudy,23.2,0.0,Car,0
2025-09-03,01:00,University Avenue,Wednesday,95,47.7,Cloudy,23.2,0.0,Bus,0
2025-09-03,02:00,Central Business District,Wednesday,132,44.7,Cloudy,23.2,0.0,Bus,0
2025-09-03,02:00,Highway Junction,Wednesday,175,69.5,Cloudy,23.2,0.0,Truck,0
2025-09-03,02:00,Railway Station Road,Wednesday,108,39.2,Cloudy,23.2,0.0,Car,0
2025-09-03,02:00,Residential Ring Road,Wednesday,68,55.0,Cloudy,23.2,0.0,Car,0
2025-09-03,02:00,University Avenue,Wednesday,90,49.3,Cloudy,23.2,0.0,Car,0
2025-09-03,03:00,Central Business District,Wednesday,136,45.9,Cloudy,22.3,0.0,Truck,0
2025-09-03,03:00,Highway Junction,Wednesday,171,69.9,Cloudy,22.3,0.0,Truck,0
2025-09-03,03:00,Railway Station Road,Wednesday,131,40.1,Cloudy,22.3,0.0,Truck,0
2025-09-03,03:00,Residential Ring Road,Wednesday,72,46.1,Cloudy,22.3,0.0,Truck,0
2025-09-03,03:00,University Avenue,Wednesday,100,50.4,Cloudy,22.3,0.0,Car,0
2025-09-03,04:00,Central Business District,Wednesday,146,41.8,Cloudy,23.0,0.0,Truck,0
2025-09-03,04:00,Highway Junction,Wednesday,194,72.1,Cloudy,23.0,0.0,Truck,0
2025-09-03,04:00,Railway Station Road,Wednesday,132,41.0,Cloudy,23.0,0.0,Bus,0
2025-09-03,04:00,Residential Ring Road,Wednesday,82,46.5,Cloudy,23.0,0.0,Auto Rickshaw,0
2025-09-03,04:00,University Avenue,Wednesday,92,52.0,Cloudy,23.0,0.0,Truck,0
2025-09-03,05:00,Central Business District,Wednesday,182,44.9,Cloudy,22.6,0.0,Car,0
2025-09-03,05:00,Highway Junction,Wednesday,328,65.8,Cloudy,22.6,0.0,Car,0
2025-09-03,05:00,Railway Station Road,Wednesday,235,42.9,Cloudy,22.6,0.0,Two-Wheeler,0
2025-09-03,05:00,Residential Ring Road,Wednesday,166,45.5,Cloudy,22.6,0.0,Truck,0
2025-09-03,05:00,University Avenue,Wednesday,108,49.6,Cloudy,22.6,0.0,Truck,0
2025-09-03,06:00,Central Business District,Wednesday,298,43.6,Cloudy,23.5,0.0,Car,0
2025-09-03,06:00,Highway Junction,Wednesday,786,62.6,Cloudy,23.5,0.0,Car,0
2025-09-03,06:00,Railway Station Road,Wednesday,595,39.5,Cloudy,23.5,0.0,Two-Wheeler,0
2025-09-03,06:00,Residential Ring Road,Wednesday,406,42.3,Cloudy,23.5,0.0,Car,0
2025-09-03,06:00,University Avenue,Wednesday,176,49.7,Cloudy,23.5,0.0,Auto Rickshaw,0
2025-09-03,07:00,Central Business District,Wednesday,966,36.1,Cloudy,24.4,0.0,Auto Rickshaw,0
2025-09-03,07:00,Highway Junction,Wednesday,1703,54.3,Cloudy,24.4,0.0,Car,0
2025-09-03,07:00,Railway Station Road,Wednesday,1283,30.2,Cloudy,24.4,0.0,Car,0
2025-09-03,07:00,Residential Ring Road,Wednesday,675,36.2,Cloudy,24.4,0.0,Truck,0
2025-09-03,07:00,University Avenue,Wednesday,520,44.4,Cloudy,24.4,0.0,Two-Wheeler,0
2025-09-03,08:00,Central Business District,Wednesday,1686,33.0,Cloudy,24.9,0.0,Two-Wheeler,0
2025-09-03,08:00,Highway Junction,Wednesday,2308,46.2,Cloudy,24.9,0.0,Car,0
2025-09-03,08:00,Railway Station Road,Wednesday,1624,23.9,Cloudy,24.9,0.0,Two-Wheeler,1
2025-09-03,08:00,Residential Ring Road,Wednesday,693,39.5,Cloudy,24.9,0.0,Two-Wheeler,0
2025-09-03,08:00,University Avenue,Wednesday,897,37.6,Cloudy,24.9,0.0,Car,0
2025-09-03,09:00,Central Business District,Wednesday,2242,24.4,Cloudy,27.4,0.0,Two-Wheeler,0
2025-09-03,09:00,Highway Junction,Wednesday,1882,51.7,Cloudy,27.4,0.0,Car,0
2025-09-03,09:00,Railway Station Road,Wednesday,1559,23.5,Cloudy,27.4,0.0,Bus,0
2025-09-03,09:00,Residential Ring Road,Wednesday,561,42.5,Cloudy,27.4,0.0,Car,0
2025-09-03,09:00,University Avenue,Wednesday,1251,31.4,Cloudy,27.4,0.0,Two-Wheeler,0
2025-09-03,10:00,Central Business District,Wednesday,1831,29.0,Rain,25.7,3.1,Car,0
2025-09-03,10:00,Highway Junction,Wednesday,1256,58.9,Rain,25.7,3.1,Car,0
2025-09-03,10:00,Railway Station Road,Wednesday,895,30.9,Rain,25.7,3.1,Two-Wheeler,0
2025-09-03,10:00,Residential Ring Road,Wednesday,389,44.0,Rain,25.7,3.1,Car,0
2025-09-03,10:00,University Avenue,Wednesday,1010,36.7,Rain,25.7,3.1,Car,0
2025-09-03,11:00,Central Business District,Wednesday,1218,38.7,Rain,27.1,3.1,Car,0
2025-09-03,11:00,Highway Junction,Wednesday,947,61.9,Rain,27.1,3.1,Car,0
2025-09-03,11:00,Railway Station Road,Wednesday,611,33.6,Rain,27.1,3.1,Car,0
2025-09-03,11:00,Residential Ring Road,Wednesday,314,44.2,Rain,27.1,3.1,Two-Wheeler,0
2025-09-03,11:00,University Avenue,Wednesday,837,35.2,Rain,27.1,3.1,Two-Wheeler,0
2025-09-03,12:00,Central Business District,Wednesday,945,36.5,Rain,27.6,5.1,Two-Wheeler,0
2025-09-03,12:00,Highway Junction,Wednesday,951,56.4,Rain,27.6,5.1,Two-Wheeler,0
2025-09-03,12:00,Railway Station Road,Wednesday,708,33.1,Rain,27.6,5.1,Two-Wheeler,0
2025-09-03,12:00,Residential Ring Road,Wednesday,397,41.3,Rain,27.6,5.1,Car,2
2025-09-03,12:00,University Avenue,Wednesday,649,40.6,Rain,27.6,5.1,Bus,0
2025-09-03,13:00,Central Business District,Wednesday,820,40.4,Rain,28.3,4.1,Car,0
2025-09-03,13:00,Highway Junction,Wednesday,1103,60.5,Rain,28.3,4.1,Car,0
2025-09-03,13:00,Railway Station Road,Wednesday,722,35.5,Rain,28.3,4.1,Auto Rickshaw,0
2025-09-03,13:00,Residential Ring Road,Wednesday,425,41.7,Rain,28.3,4.1,Two-Wheeler,0
2025-09-03,13:00,University Avenue,Wednesday,648,40.7,Rain,28.3,4.1,Two-Wheeler,0
2025-09-03,14:00,Central Business District,Wednesday,930,37.8,Rain,27.7,4.5,Bus,0
2025-09-03,14:00,Highway Junction,Wednesday,1256,59.1,Rain,27.7,4.5,Car,0
2025-09-03,14:00,Railway Station Road,Wednesday,691,30.2,Rain,27.7,4.5,Car,0
2025-09-03,14:00,Residential Ring Road,Wednesday,396,44.6,Rain,27.7,4.5,Car,0
2025-09-03,14:00,University Avenue,Wednesday,828,39.2,Rain,27.7,4.5,Car,0
2025-09-03,15:00,Central Business District,Wednesday,1175,34.2,Rain,28.2,2.8,Bus,0
2025-09-03,15:00,Highway Junction,Wednesday,1473,54.1,Rain,28.2,2.8,Two-Wheeler,1
2025-09-03,15:00,Railway Station Road,Wednesday,809,34.3,Rain,28.2,2.8,Truck,0
2025-09-03,15:00,Residential Ring Road,Wednesday,430,45.6,Rain,28.2,2.8,Two-Wheeler,0
2025-09-03,15:00,University Avenue,Wednesday,1078,34.1,Rain,28.2,2.8,Car,0
2025-09-03,16:00,Central Business District,Wednesday,1511,29.6,Rain,28.1,8.4,Two-Wheeler,0
2025-09-03,16:00,Highway Junction,Wednesday,1544,51.2,Rain,28.1,8.4,Car,0
2025-09-03,16:00,Railway Station Road,Wednesday,911,28.6,Rain,28.1,8.4,Bus,0
2025-09-03,16:00,Residential Ring Road,Wednesday,371,40.0,Rain,28.1,8.4,Truck,0
2025-09-03,16:00,University Avenue,Wednesday,1224,30.3,Rain,28.1,8.4,Car,0
2025-09-03,17:00,Central Business District,Wednesday,2035,27.1,Rain,29.4,3.9,Truck,0
2025-09-03,17:00,Highway Junction,Wednesday,1790,54.1,Rain,29.4,3.9,Two-Wheeler,0
2025-09-03,17:00,Railway Station Road,Wednesday,1185,29.7,Rain,29.4,3.9,Auto Rickshaw,0
2025-09-03,17:00,Residential Ring Road,Wednesday,507,39.9,Rain,29.4,3.9,Two-Wheeler,0
2025-09-03,17:00,University Avenue,Wednesday,1186,29.2,Rain,29.4,3.9,Two-Wheeler,0
2025-09-03,18:00,Central Business District,Wednesday,2304,19.4,Cloudy,29.9,0.0,Car,0
2025-09-03,18:00,Highway Junction,Wednesday,2347,43.0,Cloudy,29.9,0.0,Two-Wheeler,0
2025-09-03,18:00,Railway Station Road,Wednesday,1516,25.6,Cloudy,29.9,0.0,Two-Wheeler,0
2025-09-03,18:00,Residential Ring Road,Wednesday,587,39.2,Cloudy,29.9,0.0,Truck,0
2025-09-03,18:00,University Avenue,Wednesday,898,35.2,Cloudy,29.9,0.0,Auto Rickshaw,0
2025-09-03,19:00,Central Business District,Wednesday,1781,28.2,Cloudy,29.8,0.0,Two-Wheeler,1
2025-09-03,19:00,Highway Junction,Wednesday,1548,55.4,Cloudy,29.8,0.0,Auto Rickshaw,0
2025-09-03,19:00,Railway Station Road,Wednesday,1498,25.2,Cloudy,29.8,0.0,Car,0
2025-09-03,19:00,Residential Ring Road,Wednesday,678,37.0,Cloudy,29.8,0.0,Car,0
2025-09-03,19:00,University Avenue,Wednesday,473,46.4,Cloudy,29.8,0.0,Bus,0
2025-09-03,20:00,Central Business District,Wednesday,1077,38.1,Cloudy,27.4,0.0,Two-Wheeler,0
2025-09-03,20:00,Highway Junction,Wednesday,770,67.4,Cloudy,27.4,0.0,Two-Wheeler,0
2025-09-03,20:00,Railway Station Road,Wednesday,1152,31.3,Cloudy,27.4,0.0,Two-Wheeler,0
2025-09-03,20:00,Residential Ring Road,Wednesday,644,40.0,Cloudy,27.4,0.0,Bus,0
2025-09-03,20:00,University Avenue,Wednesday,225,48.1,Cloudy,27.4,0.0,Car,0
2025-09-03,21:00,Central Business District,Wednesday,544,42.3,Cloudy,26.8,0.0,Two-Wheeler,0
2025-09-03,21:00,Highway Junction,Wednesday,418,69.2,Cloudy,26.8,0.0,Car,0
2025-09-03,21:00,Railway Station Road,Wednesday,632,35.2,Cloudy,26.8,0.0,Two-Wheeler,0
2025-09-03,21:00,Residential Ring Road,Wednesday,353,50.2,Cloudy,26.8,0.0,Two-Wheeler,0
2025-09-03,21:00,University Avenue,Wednesday,130,50.6,Cloudy,26.8,0.0,Car,0
2025-09-03,22:00,Central Business District,Wednesday,270,44.8,Cloudy,25.1,0.0,Auto Rickshaw,0
2025-09-03,22:00,Highway Junction,Wednesday,242,69.3,Cloudy,25.1,0.0,Car,0
2025-09-03,22:00,Railway Station Road,Wednesday,295,36.8,Cloudy,25.1,0.0,Car,0
2025-09-03,22:00,Residential Ring Road,Wednesday,198,48.4,Cloudy,25.1,0.0,Car,0
2025-09-03,22:00,University Avenue,Wednesday,89,53.3,Cloudy,25.1,0.0,Two-Wheeler,0
2025-09-03,23:00,Central Business District,Wednesday,167,42.0,Cloudy,24.5,0.0,Car,0
2025-09-03,23:00,Highway Junction,Wednesday,200,68.6,Cloudy,24.5,0.0,Truck,0
2025-09-03,23:00,Railway Station Road,Wednesday,136,40.1,Cloudy,24.5,0.0,Auto Rickshaw,0
2025-09-03,23:00,Residential Ring Road,Wednesday,105,51.2,Cloudy,24.5,0.0,Truck,0
2025-09-03,23:00,University Avenue,Wednesday,87,,Cloudy,24.5,0.0,Car,0
2025-09-04,00:00,Central Business District,Thursday,135,42.0,Cloudy,22.4,0.0,Truck,0
2025-09-04,00:00,Highway Junction,Thursday,179,70.8,Cloudy,22.4,0.0,Truck,0
2025-09-04,00:00,Railway Station Road,Thursday,123,40.0,Cloudy,22.4,0.0,Two-Wheeler,0
2025-09-04,00:00,Residential Ring Road,Thursday,62,47.6,Cloudy,22.4,0.0,Two-Wheeler,1
2025-09-04,00:00,University Avenue,Thursday,81,52.1,Cloudy,22.4,0.0,Truck,0
2025-09-04,01:00,Central Business District,Thursday,146,44.1,Cloudy,23.5,0.0,Truck,0
2025-09-04,01:00,Highway Junction,Thursday,171,67.1,Cloudy,23.5,0.0,Car,0
2025-09-04,01:00,Railway Station Road,Thursday,118,40.8,Cloudy,23.5,0.0,Two-Wheeler,0
2025-09-04,01:00,Residential Ring Road,Thursday,56,48.0,Cloudy,23.5,0.0,Two-Wheeler,0
2025-09-04,01:00,University Avenue,Thursday,80,45.8,Cloudy,23.5,0.0,Two-Wheeler,0
2025-09-04,02:00,Central Business District,Thursday,132,45.1,Cloudy,22.8,0.0,Bus,1
2025-09-04,02:00,Highway Junction,Thursday,189,71.3,Cloudy,22.8,0.0,Two-Wheeler,0
2025-09-04,02:00,Railway Station Road,Thursday,115,38.5,Cloudy,22.8,0.0,Truck,0
2025-09-04,02:00,Residential Ring Road,Thursday,73,50.2,Cloudy,22.8,0.0,Truck,0
2025-09-04,02:00,University Avenue,Thursday,93,50.0,Cloudy,22.8,0.0,Truck,0
2025-09-04,03:00,Central Business District,Thursday,152,44.2,Cloudy,22.0,0.0,Truck,0
2025-09-04,03:00,Highway Junction,Thursday,178,69.7,Cloudy,22.0,0.0,Truck,0
2025-09-04,03:00,Railway Station Road,Thursday,112,38.2,Cloudy,22.0,0.0,Car,0
2025-09-04,03:00,Residential Ring Road,Thursday,71,50.8,Cloudy,22.0,0.0,Car,0
2025-09-04,03:00,University Avenue,Thursday,93,51.5,Cloudy,22.0,0.0,Car,0
2025-09-04,04:00,Central Business District,Thursday,149,44.7,Cloudy,21.5,0.0,Car,0
2025-09-04,04:00,Highway Junction,Thursday,196,70.0,Cloudy,21.5,0.0,Truck,0
2025-09-04,04:00,Railway Station Road,Thursday,131,40.6,Cloudy,21.5,0.0,Car,0
2025-09-04,04:00,Residential Ring Road,Thursday,91,49.3,Cloudy,21.5,0.0,Two-Wheeler,0
2025-09-04,04:00,University Avenue,Thursday,109,48.9,Cloudy,21.5,0.0,Truck,0
2025-09-04,05:00,Central Business District,Thursday,178,43.2,Cloudy,23.2,0.0,Truck,0
2025-09-04,05:00,Highway Junction,Thursday,345,69.5,Cloudy,23.2,0.0,Truck,0
2025-09-04,05:00,Railway Station Road,Thursday,253,38.5,Cloudy,23.2,0.0,Car,0
2025-09-04,05:00,Residential Ring Road,Thursday,161,47.8,Cloudy,23.2,0.0,Auto Rickshaw,0
2025-09-04,05:00,University Avenue,Thursday,112,47.9,Cloudy,23.2,0.0,Truck,0
2025-09-04,05:00,University Avenue,Thursday,112,47.9,Cloudy,23.2,0.0,Truck,0
2025-09-04,06:00,Central Business District,Thursday,320,45.9,Drizzle,21.5,1.5,Truck,0
2025-09-04,06:00,Highway Junction,Thursday,736,65.7,Drizzle,21.5,1.5,Car,0
2025-09-04,06:00,Railway Station Road,Thursday,662,41.5,Drizzle,21.5,1.5,Auto Rickshaw,0
2025-09-04,06:00,Residential Ring Road,Thursday,408,45.1,Drizzle,21.5,1.5,Two-Wheeler,0
2025-09-04,06:00,University Avenue,Thursday,172,46.6,Drizzle,21.5,1.5,Two-Wheeler,0
2025-09-04,07:00,Central Business District,Thursday,818,36.5,Drizzle,23.5,1.3,Car,0
2025-09-04,07:00,Highway Junction,Thursday,1700,54.9,Drizzle,23.5,1.3,Two-Wheeler,0
2025-09-04,07:00,Railway Station Road,Thursday,1309,28.8,Drizzle,23.5,1.3,Two-Wheeler,0
2025-09-04,07:00,Residential Ring Road,Thursday,670,37.3,Drizzle,23.5,1.3,Car,0
2025-09-04,07:00,University Avenue,Thursday,466,46.8,Drizzle,23.5,1.3,Two-Wheeler,0
2025-09-04,08:00,Central Business District,Thursday,1699,31.3,Drizzle,22.5,1.4,Auto Rickshaw,0
2025-09-04,08:00,Highway Junction,Thursday,2150,48.0,Drizzle,22.5,1.4,Car,0
2025-09-04,08:00,Railway Station Road,Thursday,1725,22.4,Drizzle,22.5,1.4,Two-Wheeler,0
2025-09-04,08:00,Residential Ring Road,Thursday,675,34.6,Drizzle,22.5,1.4,Car,0
2025-09-04,08:00,University Avenue,Thursday,914,39.3,Drizzle,22.5,1.4,Two-Wheeler,1
2025-09-04,09:00,Central Business District,Thursday,2363,20.6,Drizzle,24.7,0.9,Two-Wheeler,0
2025-09-04,09:00,Highway Junction,Thursday,1843,50.8,Drizzle,24.7,0.9,Car,0
2025-09-04,09:00,Railway Station Road,Thursday,1504,27.8,Drizzle,24.7,0.9,Car,0
2025-09-04,09:00,Residential Ring Road,Thursday,482,42.0,Drizzle,24.7,0.9,Car,1
2025-09-04,09:00,University Avenue,Thursday,1333,26.2,Drizzle,24.7,0.9,Car,0
2025-09-04,10:00,Central Business District,Thursday,2154,26.1,Drizzle,26.3,1.1,Car,0
2025-09-04,10:00,Highway Junction,Thursday,1223,61.3,Drizzle,26.3,1.1,Car,0
2025-09-04,10:00,Railway Station Road,Thursday,910,33.6,Drizzle,26.3,1.1,Auto Rickshaw,0
2025-09-04,10:00,Residential Ring Road,Thursday,383,39.9,Drizzle,26.3,1.1,Two-Wheeler,0
2025-09-04,10:00,University Avenue,Thursday,1121,34.7,Drizzle,26.3,1.1,Two-Wheeler,0
2025-09-04,11:00,Central Business District,Thursday,1342,36.6,Drizzle,27.9,0.5,Two-Wheeler,0
2025-09-04,11:00,Highway Junction,Thursday,886,61.9,Drizzle,27.9,0.5,Car,0
2025-09-04,11:00,Railway Station Road,Thursday,737,31.9,Drizzle,27.9,0.5,Two-Wheeler,0
2025-09-04,11:00,Residential Ring Road,Thursday,321,48.6,Drizzle,27.9,0.5,Bus,0
2025-09-04,11:00,University Avenue,Thursday,741,42.7,Drizzle,27.9,0.5,Two-Wheeler,0
2025-09-04,12:00,Central Business District,Thursday,1051,39.1,Drizzle,27.2,1.3,Bus,0
2025-09-04,12:00,Highway Junction,Thursday,1220,65.6,Drizzle,27.2,1.3,Two-Wheeler,0
2025-09-04,12:00,Railway Station Road,Thursday,890,35.8,Drizzle,27.2,1.3,Two-Wheeler,0
2025-09-04,12:00,Residential Ring Road,Thursday,402,43.2,Drizzle,27.2,1.3,Two-Wheeler,0
2025-09-04,12:00,University Avenue,Thursday,713,43.9,Drizzle,27.2,1.3,Car,0
2025-09-04,13:00,Central Business District,Thursday,970,40.3,Cloudy,30.2,0.0,Car,0
2025-09-04,13:00,Highway Junction,Thursday,1287,60.1,Cloudy,30.2,0.0,Two-Wheeler,0
2025-09-04,13:00,Railway Station Road,Thursday,808,37.7,Cloudy,30.2,0.0,Bus,0
2025-09-04,13:00,Residential Ring Road,Thursday,432,45.1,Cloudy,30.2,0.0,Two-Wheeler,0
2025-09-04,13:00,University Avenue,Thursday,739,44.4,Cloudy,30.2,0.0,Car,0
2025-09-04,14:00,Central Business District,Thursday,1025,34.3,Cloudy,31.0,0.0,Truck,0
2025-09-04,14:00,Highway Junction,Thursday,1364,65.3,Cloudy,31.0,0.0,Car,0
2025-09-04,14:00,Railway Station Road,Thursday,887,34.7,Cloudy,31.0,0.0,Bus,0
2025-09-04,14:00,Residential Ring Road,Thursday,449,46.8,Cloudy,31.0,0.0,Two-Wheeler,0
2025-09-04,14:00,University Avenue,Thursday,806,41.0,Cloudy,31.0,0.0,Two-Wheeler,0
2025-09-04,15:00,Central Business District,Thursday,1146,39.5,Cloudy,30.4,0.0,Two-Wheeler,1
2025-09-04,15:00,Highway Junction,Thursday,1608,57.4,Cloudy,30.4,0.0,Truck,0
2025-09-04,15:00,Railway Station Road,Thursday,911,35.6,Cloudy,30.4,0.0,Bus,0
2025-09-04,15:00,Residential Ring Road,Thursday,437,42.1,Cloudy,30.4,0.0,Car,0
2025-09-04,15:00,University Avenue,Thursday,1142,33.7,Cloudy,30.4,0.0,Two-Wheeler,0
2025-09-04,16:00,Central Business District,Thursday,1816,33.1,Cloudy,31.9,0.0,Car,0
2025-09-04,16:00,Highway Junction,Thursday,2068,48.7,Cloudy,31.9,0.0,Car,0
2025-09-04,16:00,Railway Station Road,Thursday,935,35.5,Cloudy,31.9,0.0,Two-Wheeler,0
2025-09-04,16:00,Residential Ring Road,Thursday,392,46.6,Cloudy,31.9,0.0,Two-Wheeler,0
2025-09-04,16:00,University Avenue,Thursday,1300,32.7,Cloudy,31.9,0.0,Car,0
2025-09-04,17:00,Central Business District,Thursday,2078,25.4,Cloudy,30.7,0.0,Car,0
2025-09-04,17:00,Highway Junction,Thursday,2275,45.5,Cloudy,30.7,0.0,Car,0
2025-09-04,17:00,Railway Station Road,Thursday,1459,27.5,Cloudy,30.7,0.0,Two-Wheeler,1
2025-09-04,17:00,Residential Ring Road,Thursday,530,42.6,Cloudy,30.7,0.0,Car,0
2025-09-04,17:00,University Avenue,Thursday,1233,29.4,Cloudy,30.7,0.0,Two-Wheeler,0
2025-09-04,18:00,Central Business District,Thursday,2232,22.6,Cloudy,29.0,0.0,Two-Wheeler,0
2025-09-04,18:00,Highway Junction,Thursday,2357,44.0,Cloudy,29.0,0.0,Two-Wheeler,0
2025-09-04,18:00,Railway Station Road,Thursday,1608,20.7,Cloudy,29.0,0.0,Two-Wheeler,0
2025-09-04,18:00,Residential Ring Road,Thursday,541,38.0,Cloudy,29.0,0.0,Two-Wheeler,0
2025-09-04,18:00,University Avenue,Thursday,953,34.1,Cloudy,29.0,0.0,Bus,0
2025-09-04,19:00,Central Business District,Thursday,1716,31.6,Cloudy,28.4,0.0,Two-Wheeler,0
2025-09-04,19:00,Highway Junction,Thursday,1426,57.1,Cloudy,28.4,0.0,Two-Wheeler,0
2025-09-04,19:00,Railway Station Road,Thursday,1516,26.7,Cloudy,28.4,0.0,Two-Wheeler,0
2025-09-04,19:00,Residential Ring Road,Thursday,685,38.1,Cloudy,28.4,0.0,Car,0
2025-09-04,19:00,University Avenue,Thursday,506,43.4,Cloudy,28.4,0.0,Car,0
2025-09-04,20:00,Central Business District,Thursday,1156,39.4,Cloudy,28.4,0.0,Two-Wheeler,0
2025-09-04,20:00,Highway Junction,Thursday,851,67.2,Cloudy,28.4,0.0,Two-Wheeler,0
2025-09-04,20:00,Railway Station Road,Thursday,1097,33.7,Cloudy,28.4,0.0,Two-Wheeler,0
2025-09-04,20:00,Residential Ring Road,Thursday,504,40.1,Cloudy,28.4,0.0,Two-Wheeler,0
2025-09-04,20:00,University Avenue,Thursday,222,49.9,Cloudy,28.4,0.0,Car,0
2025-09-04,21:00,Central Business District,Thursday,500,41.7,Cloudy,27.7,0.0,Two-Wheeler,0
2025-09-04,21:00,Highway Junction,Thursday,417,64.4,Cloudy,27.7,0.0,Car,0
2025-09-04,21:00,Railway Station Road,Thursday,683,37.6,Cloudy,27.7,0.0,Truck,0
2025-09-04,21:00,Residential Ring Road,Thursday,359,49.3,Cloudy,27.7,0.0,Bus,0
2025-09-04,21:00,University Avenue,Thursday,123,50.2,Cloudy,27.7,0.0,Bus,0
2025-09-04,22:00,Central Business District,Thursday,262,44.1,Cloudy,27.4,0.0,Bus,0
2025-09-04,22:00,Highway Junction,Thursday,227,71.6,Cloudy,27.4,0.0,Truck,0
2025-09-04,22:00,Railway Station Road,Thursday,315,41.7,Cloudy,27.4,0.0,Bus,0
2025-09-04,22:00,Residential Ring Road,Thursday,164,47.7,Cloudy,27.4,0.0,Two-Wheeler,0
2025-09-04,22:00,University Avenue,Thursday,97,51.3,Cloudy,27.4,0.0,Car,0
2025-09-04,23:00,Central Business District,Thursday,171,46.7,Cloudy,27.1,0.0,Truck,0
2025-09-04,23:00,Highway Junction,Thursday,201,69.8,Cloudy,27.1,0.0,Truck,0
2025-09-04,23:00,Railway Station Road,Thursday,174,42.6,Cloudy,27.1,0.0,Truck,0
2025-09-04,23:00,Residential Ring Road,Thursday,113,50.4,Cloudy,27.1,0.0,Truck,0
2025-09-04,23:00,University Avenue,Thursday,88,48.5,Cloudy,27.1,0.0,Truck,0
2025-09-05,00:00,Central Business District,Friday,161,44.3,Clear,23.0,0.0,Two-Wheeler,0
2025-09-05,00:00,Highway Junction,Friday,180,69.3,Clear,23.0,0.0,Car,0
2025-09-05,00:00,Railway Station Road,Friday,124,39.6,Clear,23.0,0.0,Car,0
2025-09-05,00:00,Residential Ring Road,Friday,61,46.5,Clear,23.0,0.0,Truck,0
2025-09-05,00:00,University Avenue,Friday,85,52.0,Clear,23.0,0.0,Truck,0
2025-09-05,01:00,Central Business District,Friday,147,45.5,Clear,21.4,0.0,Bus,0
2025-09-05,01:00,Highway Junction,Friday,173,65.5,Clear,21.4,0.0,Car,0
2025-09-05,01:00,Railway Station Road,Friday,118,38.8,Clear,21.4,0.0,Truck,0
2025-09-05,01:00,Residential Ring Road,Friday,56,51.5,Clear,21.4,0.0,Truck,0
2025-09-05,01:00,University Avenue,Friday,79,50.8,Clear,21.4,0.0,Truck,0
2025-09-05,02:00,Central Business District,Friday,146,44.8,Clear,22.9,0.0,Car,0
2025-09-05,02:00,Highway Junction,Friday,198,69.9,Clear,22.9,0.0,Bus,0
2025-09-05,02:00,Railway Station Road,Friday,129,37.9,Clear,22.9,0.0,Truck,0
2025-09-05,02:00,Residential Ring Road,Friday,62,47.8,Clear,22.9,0.0,Truck,0
2025-09-05,02:00,University Avenue,Friday,78,50.7,Clear,22.9,0.0,Two-Wheeler,0
2025-09-05,03:00,Central Business District,Friday,134,46.7,Clear,21.8,0.0,Truck,0
2025-09-05,03:00,Highway Junction,Friday,187,71.0,Clear,21.8,0.0,Bus,0
2025-09-05,03:00,Railway Station Road,Friday,125,41.7,Clear,21.8,0.0,Truck,0
2025-09-05,03:00,Residential Ring Road,Friday,73,50.2,Clear,21.8,0.0,Two-Wheeler,0
2025-09-05,03:00,University Avenue,Friday,92,51.0,Clear,21.8,0.0,Auto Rickshaw,0
2025-09-05,04:00,Central Business District,Friday,143,47.6,Clear,22.3,0.0,Car,0
2025-09-05,04:00,Highway Junction,Friday,193,68.8,Clear,22.3,0.0,Truck,0
2025-09-05,04:00,Railway Station Road,Friday,148,37.9,Clear,22.3,0.0,Truck,0
2025-09-05,04:00,Residential Ring Road,Friday,84,51.4,Clear,22.3,0.0,Truck,0
2025-09-05,04:00,University Avenue,Friday,98,47.0,Clear,22.3,0.0,Truck,0
2025-09-05,05:00,Central Business District,Friday,165,43.3,Clear,22.6,0.0,Two-Wheeler,0
2025-09-05,05:00,Highway Junction,Friday,329,69.0,Clear,22.6,0.0,Truck,0
2025-09-05,05:00,Railway Station Road,Friday,228,39.1,Clear,22.6,0.0,Car,0
2025-09-05,05:00,Residential Ring Road,Friday,177,51.0,Clear,22.6,0.0,Car,0
2025-09-05,05:00,University Avenue,Friday,100,49.6,Clear,22.6,0.0,Truck,0
2025-09-05,06:00,Central Business District,Friday,328,42.9,Clear,23.7,0.0,Two-Wheeler,0
2025-09-05,06:00,Highway Junction,Friday,758,62.2,Clear,23.7,0.0,Two-Wheeler,0
2025-09-05,06:00,Railway Station Road,Friday,578,35.3,Clear,23.7,0.0,Truck,0
2025-09-05,06:00,Residential Ring Road,Friday,400,43.7,Clear,23.7,0.0,Car,0
2025-09-05,06:00,University Avenue,Friday,205,47.9,Clear,23.7,0.0,Auto Rickshaw,0
2025-09-05,07:00,Central Business District,Friday,808,41.8,Clear,25.6,0.0,Two-Wheeler,0
2025-09-05,07:00,Highway Junction,Friday,1808,56.8,Clear,25.6,0.0,Car,0
2025-09-05,07:00,Railway Station Road,Friday,1296,26.9,Clear,25.6,0.0,Two-Wheeler,0
2025-09-05,07:00,Residential Ring Road,Friday,669,39.1,Clear,25.6,0.0,Car,0
2025-09-05,07:00,University Avenue,Friday,443,45.8,Clear,25.6,0.0,Two-Wheeler,0
2025-09-05,08:00,Central Business District,Friday,1545,34.5,Clear,26.0,0.0,Car,0
2025-09-05,08:00,Highway Junction,Friday,2124,47.2,Clear,26.0,0.0,Bus,0
2025-09-05,08:00,Railway Station Road,Friday,1920,19.3,Clear,26.0,0.0,Two-Wheeler,0
2025-09-05,08:00,Residential Ring Road,Friday,792,36.7,Clear,26.0,0.0,Car,0
2025-09-05,08:00,University Avenue,Friday,847,39.2,Clear,26.0,0.0,Car,0
2025-09-05,09:00,Central Business District,Friday,2441,19.5,Clear,26.9,0.0,Two-Wheeler,0
2025-09-05,09:00,Highway Junction,Friday,1980,52.9,Clear,26.9,0.0,Two-Wheeler,0
2025-09-05,09:00,Railway Station Road,Friday,1596,28.0,Clear,26.9,0.0,Car,0
2025-09-05,09:00,Residential Ring Road,Friday,514,42.5,Clear,26.9,0.0,Two-Wheeler,0
2025-09-05,09:00,University Avenue,Friday,1339,22.8,Clear,26.9,0.0,Bus,0
2025-09-05,10:00,Central Business District,Friday,2198,22.7,Clear,27.3,0.0,Two-Wheeler,0
2025-09-05,10:00,Highway Junction,Friday,1240,58.6,Clear,27.3,0.0,Car,0
2025-09-05,10:00,Railway Station Road,Friday,860,35.0,Clear,27.3,0.0,Car,0
2025-09-05,10:00,Residential Ring Road,Friday,373,44.6,Clear,27.3,0.0,Car,0
2025-09-05,10:00,University Avenue,Friday,1072,34.6,Clear,27.3,0.0,Two-Wheeler,0
2025-09-05,11:00,Central Business District,Friday,1625,35.4,Clear,27.9,0.0,Car,0
2025-09-05,11:00,Highway Junction,Friday,1026,64.3,Clear,27.9,0.0,Car,0
2025-09-05,11:00,Railway Station Road,Friday,710,32.5,Clear,27.9,0.0,Car,0
2025-09-05,11:00,Residential Ring Road,Friday,374,47.6,Clear,27.9,0.0,Truck,0
2025-09-05,11:00,University Avenue,Friday,866,38.4,Clear,27.9,0.0,Truck,0
2025-09-05,12:00,Central Business District,Friday,1071,40.1,Clear,29.8,0.0,Auto Rickshaw,0
2025-09-05,12:00,Highway Junction,Friday,1226,63.3,Clear,29.8,0.0,Car,0
2025-09-05,12:00,Railway Station Road,Friday,688,35.2,Clear,29.8,0.0,Two-Wheeler,0
2025-09-05,12:00,Residential Ring Road,Friday,413,43.8,Clear,29.8,0.0,Two-Wheeler,0
2025-09-05,12:00,University Avenue,Friday,637,39.8,Clear,29.8,0.0,Car,0
2025-09-05,13:00,Central Business District,Friday,968,40.5,Clear,30.9,0.0,Two-Wheeler,0
2025-09-05,13:00,Highway Junction,Friday,1216,64.5,Clear,30.9,0.0,Truck,0
2025-09-05,13:00,Railway Station Road,Friday,771,36.5,Clear,30.9,0.0,Two-Wheeler,0
2025-09-05,13:00,Residential Ring Road,Friday,425,46.6,Clear,30.9,0.0,Car,0
2025-09-05,13:00,University Avenue,Friday,730,41.9,Clear,30.9,0.0,Two-Wheeler,0
2025-09-05,14:00,Central Business District,Friday,1065,38.2,Clear,32.8,0.0,Two-Wheeler,0
2025-09-05,14:00,Highway Junction,Friday,1382,56.8,Clear,32.8,0.0,Two-Wheeler,0
2025-09-05,14:00,Railway Station Road,Friday,786,37.3,Clear,,0.0,Car,0
2025-09-05,14:00,Residential Ring Road,Friday,411,43.6,Clear,32.8,0.0,Two-Wheeler,0
2025-09-05,14:00,University Avenue,Friday,846,39.9,Clear,32.8,0.0,Car,0
2025-09-05,15:00,Central Business District,Friday,1048,40.4,Clear,31.6,0.0,Car,0
2025-09-05,15:00,Highway Junction,Friday,1895,50.9,Clear,31.6,0.0,Car,1
2025-09-05,15:00,Railway Station Road,Friday,736,36.4,Clear,31.6,0.0,Two-Wheeler,0
2025-09-05,15:00,Residential Ring Road,Friday,405,44.6,Clear,31.6,0.0,Two-Wheeler,0
2025-09-05,15:00,University Avenue,Friday,1146,33.0,Clear,31.6,0.0,Car,1
2025-09-05,16:00,Central Business District,Friday,1654,32.4,Clear,32.1,0.0,Auto Rickshaw,0
2025-09-05,16:00,Highway Junction,Friday,1975,54.4,Clear,32.1,0.0,Two-Wheeler,0
2025-09-05,16:00,Railway Station Road,Friday,1036,34.3,Clear,32.1,0.0,Car,0
2025-09-05,16:00,Residential Ring Road,Friday,377,48.5,Clear,32.1,0.0,Two-Wheeler,0
2025-09-05,16:00,University Avenue,Friday,1259,29.3,Clear,32.1,0.0,Car,0
2025-09-05,17:00,Central Business District,Friday,1934,26.8,Clear,30.5,0.0,Car,0
2025-09-05,17:00,Highway Junction,Friday,2025,49.4,Clear,30.5,0.0,Two-Wheeler,0
2025-09-05,17:00,Railway Station Road,Friday,1276,36.1,Clear,30.5,0.0,Car,0
2025-09-05,17:00,Residential Ring Road,Friday,499,38.2,Clear,30.5,0.0,Bus,0
2025-09-05,17:00,University Avenue,Friday,1251,33.8,Clear,30.5,0.0,Car,0
2025-09-05,18:00,Central Business District,Friday,2023,28.2,Clear,29.2,0.0,Two-Wheeler,0
2025-09-05,18:00,Highway Junction,Friday,2024,51.6,Clear,29.2,0.0,Two-Wheeler,0
2025-09-05,18:00,Railway Station Road,Friday,1738,25.8,Clear,29.2,0.0,Two-Wheeler,0
2025-09-05,18:00,Residential Ring Road,Friday,609,38.7,Clear,29.2,0.0,Car,1
2025-09-05,18:00,University Avenue,Friday,884,39.2,Clear,29.2,0.0,Car,0
2025-09-05,19:00,Central Business District,Friday,1779,,Clear,28.5,0.0,Two-Wheeler,0
2025-09-05,19:00,Highway Junction,Friday,1584,56.1,Clear,28.5,0.0,Truck,0
2025-09-05,19:00,Railway Station Road,Friday,1431,30.0,Clear,28.5,0.0,Car,0
2025-09-05,19:00,Residential Ring Road,Friday,591,41.2,Clear,28.5,0.0,Car,0
2025-09-05,19:00,University Avenue,Friday,472,48.2,Clear,28.5,0.0,Bus,0
2025-09-05,20:00,Central Business District,Friday,1247,34.8,Clear,27.6,0.0,Car,0
2025-09-05,20:00,Highway Junction,Friday,827,63.9,Clear,27.6,0.0,Two-Wheeler,0
2025-09-05,20:00,Railway Station Road,Friday,1151,28.9,Clear,27.6,0.0,Bus,0
2025-09-05,20:00,Residential Ring Road,Friday,621,38.2,Clear,27.6,0.0,Car,0
2025-09-05,20:00,University Avenue,Friday,243,50.2,Clear,27.6,0.0,Car,0
2025-09-05,21:00,Central Business District,Friday,600,41.7,Clear,28.7,0.0,Two-Wheeler,0
2025-09-05,21:00,Highway Junction,Friday,451,65.9,Clear,28.7,0.0,Two-Wheeler,0
2025-09-05,21:00,Railway Station Road,Friday,681,36.4,Clear,28.7,0.0,Truck,0
2025-09-05,21:00,Residential Ring Road,Friday,358,40.7,Clear,28.7,0.0,Car,0
2025-09-05,21:00,University Avenue,Friday,129,52.7,Clear,28.7,0.0,Car,0
2025-09-05,22:00,Central Business District,Friday,272,44.5,Clear,25.2,0.0,Truck,0
2025-09-05,22:00,Highway Junction,Friday,276,69.1,Clear,25.2,0.0,Truck,0
2025-09-05,22:00,Railway Station Road,Friday,272,39.1,Clear,25.2,0.0,Two-Wheeler,0
2025-09-05,22:00,Residential Ring Road,Friday,191,47.3,Clear,25.2,0.0,Car,0
2025-09-05,22:00,University Avenue,Friday,97,46.5,Clear,25.2,0.0,Truck,0
2025-09-05,23:00,Central Business District,Friday,159,44.4,Clear,25.4,0.0,Car,0
2025-09-05,23:00,Highway Junction,Friday,193,72.3,Clear,25.4,0.0,Car,0
2025-09-05,23:00,Railway Station Road,Friday,162,42.7,Clear,25.4,0.0,Truck,0
2025-09-05,23:00,Residential Ring Road,Friday,102,54.2,Clear,25.4,0.0,Car,0
2025-09-05,23:00,University Avenue,Friday,82,48.9,Clear,25.4,0.0,Car,0
2025-09-06,00:00,Central Business District,Saturday,113,49.5,Cloudy,24.6,0.0,Two-Wheeler,0
2025-09-06,00:00,Highway Junction,Saturday,226,70.9,Cloudy,24.6,0.0,Truck,0
2025-09-06,00:00,Railway Station Road,Saturday,149,41.1,Cloudy,24.6,0.0,Truck,0
2025-09-06,00:00,Residential Ring Road,Saturday,77,49.9,Cloudy,24.6,0.0,Car,0
2025-09-06,00:00,University Avenue,Saturday,56,48.9,Cloudy,24.6,0.0,Truck,0
2025-09-06,01:00,Central Business District,Saturday,119,46.9,Cloudy,23.4,0.0,Truck,0
2025-09-06,01:00,Highway Junction,Saturday,224,70.9,Cloudy,23.4,0.0,Auto Rickshaw,0
2025-09-06,01:00,Railway Station Road,Saturday,133,35.6,Cloudy,23.4,0.0,Bus,0
2025-09-06,01:00,Residential Ring Road,Saturday,82,,Cloudy,23.4,0.0,Car,0
2025-09-06,01:00,University Avenue,Saturday,60,48.3,Cloudy,23.4,0.0,Car,0
2025-09-06,02:00,Central Business District,Saturday,131,47.0,Cloudy,22.5,0.0,Car,0
2025-09-06,02:00,Highway Junction,Saturday,233,70.4,Cloudy,22.5,0.0,Car,0
2025-09-06,02:00,Railway Station Road,Saturday,141,38.0,Cloudy,22.5,0.0,Bus,0
2025-09-06,02:00,Residential Ring Road,Saturday,91,51.5,Cloudy,22.5,0.0,Bus,0
2025-09-06,02:00,University Avenue,Saturday,59,48.1,Cloudy,22.5,0.0,Car,0
2025-09-06,03:00,Central Business District,Saturday,134,43.9,Cloudy,,0.0,Car,0
2025-09-06,03:00,Highway Junction,Saturday,253,69.8,Cloudy,22.5,0.0,Auto Rickshaw,0
2025-09-06,03:00,Railway Station Road,Saturday,145,38.3,Cloudy,22.5,0.0,Truck,0
2025-09-06,03:00,Residential Ring Road,Saturday,82,51.3,Cloudy,22.5,0.0,Truck,0
2025-09-06,03:00,University Avenue,Saturday,64,54.8,Cloudy,22.5,0.0,Truck,0
2025-09-06,04:00,Central Business District,Saturday,158,47.2,Cloudy,22.1,0.0,Two-Wheeler,0
2025-09-06,04:00,Highway Junction,Saturday,297,66.8,Cloudy,22.1,0.0,Two-Wheeler,0
2025-09-06,04:00,Railway Station Road,Saturday,148,37.2,Cloudy,22.1,0.0,Two-Wheeler,0
2025-09-06,04:00,Residential Ring Road,Saturday,104,51.9,Cloudy,22.1,0.0,Two-Wheeler,0
2025-09-06,04:00,University Avenue,Saturday,65,50.3,Cloudy,22.1,0.0,Truck,0
2025-09-06,05:00,Central Business District,Saturday,168,48.3,Cloudy,23.5,0.0,Auto Rickshaw,0
2025-09-06,05:00,Highway Junction,Saturday,335,70.4,Cloudy,23.5,0.0,Bus,0
2025-09-06,05:00,Railway Station Road,Saturday,189,43.6,Cloudy,23.5,0.0,Truck,0
2025-09-06,05:00,Residential Ring Road,Saturday,109,49.8,Cloudy,23.5,0.0,Truck,0
2025-09-06,05:00,University Avenue,Saturday,80,51.3,Cloudy,23.5,0.0,Two-Wheeler,0
2025-09-06,06:00,Central Business District,Saturday,238,45.0,Cloudy,23.5,0.0,Two-Wheeler,0
2025-09-06,06:00,Highway Junction,Saturday,440,68.2,Cloudy,23.5,0.0,Truck,0
2025-09-06,06:00,Railway Station Road,Saturday,248,37.6,Cloudy,23.5,0.0,Car,0
2025-09-06,06:00,Residential Ring Road,Saturday,150,50.3,Cloudy,23.5,0.0,Two-Wheeler,0
2025-09-06,06:00,University Avenue,Saturday,107,51.0,Cloudy,23.5,0.0,Two-Wheeler,0
2025-09-06,07:00,Central Business District,Saturday,285,43.2,Cloudy,23.8,0.0,Two-Wheeler,0
2025-09-06,07:00,Highway Junction,Saturday,574,69.1,Cloudy,23.8,0.0,Car,0
2025-09-06,07:00,Railway Station Road,Saturday,357,39.8,Cloudy,23.8,0.0,Two-Wheeler,0
2025-09-06,07:00,Residential Ring Road,Saturday,197,48.9,Cloudy,23.8,0.0,Two-Wheeler,0
2025-09-06,07:00,University Avenue,Saturday,172,48.7,Cloudy,23.8,0.0,Two-Wheeler,0
2025-09-06,08:00,Central Business District,Saturday,394,42.5,Cloudy,24.8,0.0,Two-Wheeler,0
2025-09-06,08:00,Highway Junction,Saturday,764,64.2,Cloudy,24.8,0.0,Two-Wheeler,0
2025-09-06,08:00,Railway Station Road,Saturday,434,35.3,Cloudy,24.8,0.0,Two-Wheeler,0
2025-09-06,08:00,Residential Ring Road,Saturday,237,49.9,Cloudy,24.8,0.0,Bus,0
2025-09-06,08:00,University Avenue,Saturday,193,50.1,Cloudy,24.8,0.0,Two-Wheeler,0
2025-09-06,09:00,Central Business District,Saturday,522,44.5,Cloudy,27.1,0.0,Car,0
2025-09-06,09:00,Highway Junction,Saturday,887,62.9,Cloudy,27.1,0.0,Car,0
2025-09-06,09:00,Railway Station Road,Saturday,585,38.4,Cloudy,27.1,0.0,Bus,0
2025-09-06,09:00,Residential Ring Road,Saturday,307,43.8,Cloudy,27.1,0.0,Car,0
2025-09-06,09:00,University Avenue,Saturday,219,47.4,Cloudy,27.1,0.0,Two-Wheeler,0
2025-09-06,10:00,Central Business District,Saturday,601,42.2,Cloudy,29.4,0.0,Car,0
2025-09-06,10:00,Highway Junction,Saturday,1195,62.7,Cloudy,29.4,0.0,Two-Wheeler,0
2025-09-06,10:00,Railway Station Road,Saturday,715,38.1,Cloudy,29.4,0.0,Bus,0
2025-09-06,10:00,Residential Ring Road,Saturday,408,44.8,Cloudy,29.4,0.0,Two-Wheeler,0
2025-09-06,10:00,University Avenue,Saturday,332,47.1,Cloudy,29.4,0.0,Two-Wheeler,0
2025-09-06,11:00,Central Business District,Saturday,722,43.6,Cloudy,29.4,0.0,Car,0
2025-09-06,11:00,Highway Junction,Saturday,1395,57.6,Cloudy,29.4,0.0,Auto Rickshaw,0
2025-09-06,11:00,Railway Station Road,Saturday,938,38.3,Cloudy,29.4,0.0,Auto Rickshaw,0
2025-09-06,11:00,Residential Ring Road,Saturday,459,44.9,Cloudy,29.4,0.0,Two-Wheeler,0
2025-09-06,11:00,University Avenue,Saturday,365,44.0,Cloudy,29.4,0.0,Two-Wheeler,0
2025-09-06,12:00,Central Business District,Saturday,965,37.5,Cloudy,30.1,0.0,Truck,0
2025-09-06,12:00,Highway Junction,Saturday,1658,57.0,Cloudy,30.1,0.0,Bus,0
2025-09-06,12:00,Railway Station Road,Saturday,1003,35.4,Cloudy,30.1,0.0,Two-Wheeler,0
2025-09-06,12:00,Residential Ring Road,Saturday,513,44.1,Cloudy,30.1,0.0,Bus,0
2025-09-06,12:00,University Avenue,Saturday,375,49.4,Cloudy,30.1,0.0,Two-Wheeler,0
2025-09-06,13:00,Central Business District,Saturday,918,37.2,Cloudy,31.1,0.0,Two-Wheeler,0
2025-09-06,13:00,Highway Junction,Saturday,1934,51.2,Cloudy,31.1,0.0,Two-Wheeler,0
2025-09-06,13:00,Railway Station Road,Saturday,1048,31.4,Cloudy,31.1,0.0,Two-Wheeler,0
2025-09-06,13:00,Residential Ring Road,Saturday,596,39.7,Cloudy,31.1,0.0,Car,0
2025-09-06,13:00,University Avenue,Saturday,421,46.8,Cloudy,31.1,0.0,Car,0
2025-09-06,14:00,Central Business District,Saturday,918,39.7,Cloudy,32.4,0.0,Two-Wheeler,0
2025-09-06,14:00,Highway Junction,Saturday,1930,50.7,Cloudy,32.4,0.0,Car,0
2025-09-06,14:00,Railway Station Road,Saturday,964,35.5,Cloudy,32.4,0.0,Two-Wheeler,0
2025-09-06,14:00,Residential Ring Road,Saturday,657,37.9,Cloudy,32.4,0.0,Car,0
2025-09-06,14:00,University Avenue,Saturday,428,50.0,Cloudy,32.4,0.0,Car,0
2025-09-06,15:00,Central Business District,Saturday,960,38.7,Cloudy,31.7,0.0,Two-Wheeler,0
2025-09-06,15:00,Highway Junction,Saturday,1891,58.9,Cloudy,31.7,0.0,Car,0
2025-09-06,15:00,Railway Station Road,Saturday,1093,33.0,Cloudy,31.7,0.0,Two-Wheeler,0
2025-09-06,15:00,Residential Ring Road,Saturday,642,37.1,Cloudy,31.7,0.0,Auto Rickshaw,0
2025-09-06,15:00,University Avenue,Saturday,446,47.4,Cloudy,31.7,0.0,Auto Rickshaw,0
2025-09-06,16:00,Central Business District,Saturday,851,34.4,Storm,29.7,19.6,Car,0
2025-09-06,16:00,Highway Junction,Saturday,1610,50.3,Storm,29.7,19.6,Truck,0
2025-09-06,16:00,Railway Station Road,Saturday,959,28.5,Storm,29.7,19.6,Truck,0
2025-09-06,16:00,Residential Ring Road,Saturday,530,34.6,Storm,29.7,19.6,Two-Wheeler,0
2025-09-06,16:00,University Avenue,Saturday,402,36.9,Storm,29.7,19.6,Car,0
2025-09-06,17:00,Central Business District,Saturday,841,31.8,Storm,29.6,10.5,Two-Wheeler,0
2025-09-06,17:00,Highway Junction,Saturday,1670,45.9,Storm,29.6,10.5,Two-Wheeler,0
2025-09-06,17:00,Railway Station Road,Saturday,918,29.3,Storm,29.6,10.5,Two-Wheeler,0
2025-09-06,17:00,Residential Ring Road,Saturday,554,37.3,Storm,29.6,10.5,Truck,0
2025-09-06,17:00,University Avenue,Saturday,352,40.8,Storm,29.6,10.5,Bus,0
2025-09-06,18:00,Central Business District,Saturday,849,36.4,Storm,26.7,13.2,Car,0
2025-09-06,18:00,Highway Junction,Saturday,1448,51.3,Storm,26.7,13.2,Truck,0
2025-09-06,18:00,Railway Station Road,Saturday,758,29.3,Storm,26.7,13.2,Two-Wheeler,0
2025-09-06,18:00,Residential Ring Road,Saturday,524,36.7,Storm,26.7,13.2,Two-Wheeler,0
2025-09-06,18:00,University Avenue,Saturday,390,40.1,Storm,26.7,13.2,Two-Wheeler,0
2025-09-06,19:00,Central Business District,Saturday,699,32.8,Storm,28.1,12.9,Two-Wheeler,0
2025-09-06,19:00,Highway Junction,Saturday,1394,50.7,Storm,28.1,12.9,Car,0
2025-09-06,19:00,Railway Station Road,Saturday,829,31.2,Storm,28.1,12.9,Truck,0
2025-09-06,19:00,Residential Ring Road,Saturday,488,33.7,Storm,28.1,12.9,Two-Wheeler,0
2025-09-06,19:00,University Avenue,Saturday,358,41.0,Storm,28.1,12.9,Car,0
2025-09-06,20:00,Central Business District,Saturday,599,34.8,Storm,25.5,22.3,Car,0
2025-09-06,20:00,Highway Junction,Saturday,1366,48.1,Storm,25.5,22.3,Car,0
2025-09-06,20:00,Railway Station Road,Saturday,784,28.5,Storm,25.5,22.3,Bus,0
2025-09-06,20:00,Residential Ring Road,Saturday,494,37.7,Storm,25.5,22.3,Car,0
2025-09-06,20:00,University Avenue,Saturday,306,41.9,Storm,25.5,22.3,Two-Wheeler,0
2025-09-06,21:00,Central Business District,Saturday,532,32.4,Storm,25.7,11.9,Two-Wheeler,0
2025-09-06,21:00,Highway Junction,Saturday,993,56.9,Storm,25.7,11.9,Car,0
2025-09-06,21:00,Railway Station Road,Saturday,578,29.7,Storm,25.7,11.9,Two-Wheeler,0
2025-09-06,21:00,Residential Ring Road,Saturday,355,40.0,Storm,25.7,11.9,Auto Rickshaw,0
2025-09-06,21:00,University Avenue,Saturday,267,41.7,Storm,25.7,11.9,Two-Wheeler,0
2025-09-06,22:00,Central Business District,Saturday,473,40.1,Cloudy,24.9,0.0,Truck,0
2025-09-06,22:00,Highway Junction,Saturday,843,65.4,Cloudy,24.9,0.0,Two-Wheeler,0
2025-09-06,22:00,Railway Station Road,Saturday,501,35.2,Cloudy,24.9,0.0,Bus,0
2025-09-06,22:00,Residential Ring Road,Saturday,284,46.2,Cloudy,24.9,0.0,Two-Wheeler,0
2025-09-06,22:00,University Avenue,Saturday,211,48.3,Cloudy,24.9,0.0,Two-Wheeler,0
2025-09-06,23:00,Central Business District,Saturday,304,41.0,Cloudy,24.0,0.0,Truck,0
2025-09-06,23:00,Highway Junction,Saturday,518,65.2,Cloudy,24.0,0.0,Bus,0
2025-09-06,23:00,Railway Station Road,Saturday,356,41.6,Cloudy,24.0,0.0,Two-Wheeler,0
2025-09-06,23:00,Residential Ring Road,Saturday,229,50.6,Cloudy,24.0,0.0,Truck,0
2025-09-06,23:00,University Avenue,Saturday,134,49.0,Cloudy,24.0,0.0,Truck,0
2025-09-07,00:00,Central Business District,Sunday,131,41.7,Cloudy,23.5,0.0,Car,0
2025-09-07,00:00,Highway Junction,Sunday,245,71.3,Cloudy,23.5,0.0,Truck,0
2025-09-07,00:00,Railway Station Road,Sunday,142,37.1,Cloudy,23.5,0.0,Truck,0
2025-09-07,00:00,Residential Ring Road,Sunday,86,51.0,Cloudy,23.5,0.0,Truck,0
2025-09-07,00:00,University Avenue,Sunday,56,52.1,Cloudy,23.5,0.0,Truck,0
2025-09-07,01:00,Central Business District,Sunday,122,42.4,Cloudy,23.1,0.0,Car,0
2025-09-07,01:00,Highway Junction,Sunday,256,70.6,Cloudy,23.1,0.0,Car,0
2025-09-07,01:00,Railway Station Road,Sunday,140,42.6,Cloudy,23.1,0.0,Truck,0
2025-09-07,01:00,Residential Ring Road,Sunday,90,49.2,Cloudy,23.1,0.0,Truck,0
2025-09-07,01:00,University Avenue,Sunday,62,49.4,Cloudy,23.1,0.0,Car,0
2025-09-07,02:00,Central Business District,Sunday,118,45.8,Cloudy,22.5,0.0,Two-Wheeler,0
2025-09-07,02:00,Highway Junction,Sunday,240,,Cloudy,22.5,0.0,Two-Wheeler,0
2025-09-07,02:00,Railway Station Road,Sunday,153,40.4,Cloudy,22.5,0.0,Car,0
2025-09-07,02:00,Residential Ring Road,Sunday,92,50.3,Cloudy,22.5,0.0,Truck,0
2025-09-07,02:00,University Avenue,Sunday,59,49.9,Cloudy,22.5,0.0,Truck,0
2025-09-07,03:00,Central Business District,Sunday,134,47.9,Cloudy,22.8,0.0,Car,0
2025-09-07,03:00,Highway Junction,Sunday,260,69.0,Cloudy,22.8,0.0,Truck,0
2025-09-07,03:00,Railway Station Road,Sunday,154,40.6,Cloudy,22.8,0.0,Truck,0
2025-09-07,03:00,Residential Ring Road,Sunday,83,52.8,Cloudy,22.8,0.0,Truck,0
2025-09-07,03:00,University Avenue,Sunday,61,51.6,Cloudy,22.8,0.0,Truck,0
2025-09-07,04:00,Central Business District,Sunday,156,43.2,Cloudy,23.8,0.0,Truck,0
2025-09-07,04:00,Highway Junction,Sunday,284,66.7,Cloudy,23.8,0.0,Car,0
2025-09-07,04:00,Railway Station Road,Sunday,148,41.5,Cloudy,23.8,0.0,Car,0
2025-09-07,04:00,Residential Ring Road,Sunday,109,50.8,Cloudy,23.8,0.0,Car,0
2025-09-07,04:00,University Avenue,Sunday,72,51.0,Cloudy,23.8,0.0,Two-Wheeler,0
2025-09-07,05:00,Central Business District,Sunday,189,46.1,Cloudy,23.2,0.0,Two-Wheeler,0
2025-09-07,05:00,Highway Junction,Sunday,386,68.8,Cloudy,23.2,0.0,Truck,0
2025-09-07,05:00,Railway Station Road,Sunday,197,38.3,Cloudy,23.2,0.0,Truck,0
2025-09-07,05:00,Residential Ring Road,Sunday,133,47.1,Cloudy,23.2,0.0,Car,0
2025-09-07,05:00,University Avenue,Sunday,84,50.9,Cloudy,23.2,0.0,Car,0
2025-09-07,06:00,Central Business District,Sunday,217,44.4,Cloudy,24.3,0.0,Car,0
2025-09-07,06:00,Highway Junction,Sunday,501,65.2,Cloudy,24.3,0.0,Two-Wheeler,0
2025-09-07,06:00,Railway Station Road,Sunday,259,38.5,Cloudy,24.3,0.0,Two-Wheeler,0
2025-09-07,06:00,Residential Ring Road,Sunday,155,45.6,Cloudy,24.3,0.0,Car,0
2025-09-07,06:00,University Avenue,Sunday,101,46.1,Cloudy,24.3,0.0,Two-Wheeler,0
2025-09-07,07:00,Central Business District,Sunday,297,45.5,Cloudy,23.1,0.0,Two-Wheeler,0
2025-09-07,07:00,Highway Junction,Sunday,535,65.9,Cloudy,23.1,0.0,Car,0
2025-09-07,07:00,Railway Station Road,Sunday,320,35.2,Cloudy,23.1,0.0,Car,0
2025-09-07,07:00,Residential Ring Road,Sunday,223,48.1,Cloudy,23.1,0.0,Bus,0
2025-09-07,07:00,University Avenue,Sunday,133,50.2,Cloudy,23.1,0.0,Car,0
2025-09-07,08:00,Central Business District,Sunday,416,45.0,Cloudy,25.8,0.0,Car,0
2025-09-07,08:00,Highway Junction,Sunday,838,65.1,Cloudy,25.8,0.0,Truck,0
2025-09-07,08:00,Railway Station Road,Sunday,438,37.8,Cloudy,25.8,0.0,Two-Wheeler,0
2025-09-07,08:00,Residential Ring Road,Sunday,233,50.7,Cloudy,25.8,0.0,Auto Rickshaw,0
2025-09-07,08:00,University Avenue,Sunday,204,49.4,Cloudy,25.8,0.0,Two-Wheeler,0
2025-09-07,09:00,Central Business District,Sunday,522,45.8,Cloudy,26.3,0.0,Two-Wheeler,0
2025-09-07,09:00,Highway Junction,Sunday,1004,62.9,Cloudy,26.3,0.0,Car,0
2025-09-07,09:00,Railway Station Road,Sunday,608,38.2,Cloudy,26.3,0.0,Car,0
2025-09-07,09:00,Residential Ring Road,Sunday,302,46.8,Cloudy,26.3,0.0,Two-Wheeler,0
2025-09-07,09:00,University Avenue,Sunday,279,46.4,Cloudy,26.3,0.0,Truck,0
2025-09-07,10:00,Central Business District,Sunday,659,43.0,Cloudy,27.2,0.0,Two-Wheeler,0
2025-09-07,10:00,Highway Junction,Sunday,1273,61.1,Cloudy,27.2,0.0,Auto Rickshaw,0
2025-09-07,10:00,Railway Station Road,Sunday,633,34.0,Cloudy,27.2,0.0,Two-Wheeler,0
2025-09-07,10:00,Residential Ring Road,Sunday,432,41.8,Cloudy,27.2,0.0,Car,0
2025-09-07,10:00,University Avenue,Sunday,319,46.5,Cloudy,27.2,0.0,Two-Wheeler,0
2025-09-07,11:00,Central Business District,Sunday,852,42.0,Cloudy,28.5,0.0,Auto Rickshaw,0
2025-09-07,11:00,Highway Junction,Sunday,1366,58.3,Cloudy,28.5,0.0,Two-Wheeler,0
2025-09-07,11:00,Railway Station Road,Sunday,785,38.0,Cloudy,28.5,0.0,Two-Wheeler,0
2025-09-07,11:00,Residential Ring Road,Sunday,495,42.5,Cloudy,28.5,0.0,Car,0
2025-09-07,11:00,University Avenue,Sunday,359,45.3,Cloudy,28.5,0.0,Two-Wheeler,0
2025-09-07,12:00,Central Business District,Sunday,852,41.5,Cloudy,29.9,0.0,Two-Wheeler,0
2025-09-07,12:00,Highway Junction,Sunday,1710,57.2,Cloudy,29.9,0.0,Two-Wheeler,0
2025-09-07,12:00,Railway Station Road,Sunday,970,32.0,Cloudy,29.9,0.0,Two-Wheeler,0
2025-09-07,12:00,Residential Ring Road,Sunday,621,40.1,Cloudy,29.9,0.0,Two-Wheeler,0
2025-09-07,12:00,University Avenue,Sunday,420,47.6,Cloudy,29.9,0.0,Car,0
2025-09-07,13:00,Central Business District,Sunday,937,38.4,Cloudy,31.6,0.0,Bus,0
2025-09-07,13:00,Highway Junction,Sunday,1639,52.9,Cloudy,31.6,0.0,Car,0
2025-09-07,13:00,Railway Station Road,Sunday,997,33.4,Cloudy,31.6,0.0,Two-Wheeler,0
2025-09-07,13:00,Residential Ring Road,Sunday,583,37.3,Cloudy,31.6,0.0,Two-Wheeler,0
2025-09-07,13:00,University Avenue,Sunday,481,44.5,Cloudy,31.6,0.0,Two-Wheeler,0
2025-09-07,14:00,Central Business District,Sunday,1029,38.5,Cloudy,30.3,0.0,Two-Wheeler,0
2025-09-07,14:00,Highway Junction,Sunday,1707,56.9,Cloudy,30.3,0.0,Two-Wheeler,0
2025-09-07,14:00,Railway Station Road,Sunday,1100,31.6,Cloudy,30.3,0.0,Car,0
2025-09-07,14:00,Residential Ring Road,Sunday,607,42.4,Cloudy,30.3,0.0,Bus,0
2025-09-07,14:00,University Avenue,Sunday,436,43.9,Cloudy,30.3,0.0,Two-Wheeler,0
2025-09-07,15:00,Central Business District,Sunday,1005,40.7,Cloudy,31.5,0.0,Car,0
2025-09-07,15:00,Highway Junction,Sunday,1813,50.2,Cloudy,31.5,0.0,Two-Wheeler,0
2025-09-07,15:00,Railway Station Road,Sunday,1078,33.4,Cloudy,31.5,0.0,Auto Rickshaw,0
2025-09-07,15:00,Residential Ring Road,Sunday,695,35.2,Cloudy,31.5,0.0,Two-Wheeler,0
2025-09-07,15:00,University Avenue,Sunday,414,47.6,Cloudy,31.5,0.0,Car,0
2025-09-07,16:00,Central Business District,Sunday,1071,37.5,Drizzle,29.2,0.4,Car,0
2025-09-07,16:00,Highway Junction,Sunday,1766,53.7,Drizzle,29.2,0.4,Car,0
2025-09-07,16:00,Railway Station Road,Sunday,1023,34.2,Drizzle,29.2,0.4,Auto Rickshaw,0
2025-09-07,16:00,Residential Ring Road,Sunday,627,41.3,Drizzle,29.2,0.4,Two-Wheeler,0
2025-09-07,16:00,University Avenue,Sunday,462,42.5,Drizzle,29.2,0.4,Truck,0
2025-09-07,17:00,Central Business District,Sunday,965,39.0,Drizzle,28.1,0.9,Two-Wheeler,0
2025-09-07,17:00,Highway Junction,Sunday,1996,50.1,Drizzle,28.1,0.9,Bus,0
2025-09-07,17:00,Railway Station Road,Sunday,1038,31.4,Drizzle,28.1,0.9,Two-Wheeler,0
2025-09-07,17:00,Residential Ring Road,Sunday,617,38.9,Drizzle,28.1,0.9,Car,0
2025-09-07,17:00,University Avenue,Sunday,434,44.5,Drizzle,28.1,0.9,Car,0
2025-09-07,18:00,Central Business District,Sunday,1008,39.2,Drizzle,28.1,1.1,Two-Wheeler,0
2025-09-07,18:00,Highway Junction,Sunday,1742,53.8,Drizzle,28.1,1.1,Car,0
2025-09-07,18:00,Railway Station Road,Sunday,986,37.2,Drizzle,28.1,1.1,Two-Wheeler,0
2025-09-07,18:00,Residential Ring Road,Sunday,630,42.6,Drizzle,28.1,1.1,Two-Wheeler,0
2025-09-07,18:00,University Avenue,Sunday,492,45.6,Drizzle,28.1,1.1,Two-Wheeler,0
2025-09-07,19:00,Central Business District,Sunday,883,44.9,Drizzle,26.6,1.9,Two-Wheeler,0
2025-09-07,19:00,Highway Junction,Sunday,1621,56.0,Drizzle,26.6,1.9,Car,1
2025-09-07,19:00,Railway Station Road,Sunday,1030,30.6,Drizzle,26.6,1.9,Two-Wheeler,0
2025-09-07,19:00,Residential Ring Road,Sunday,648,34.6,Drizzle,26.6,1.9,Two-Wheeler,1
2025-09-07,19:00,University Avenue,Sunday,419,41.8,Drizzle,26.6,1.9,Truck,0
2025-09-07,20:00,Central Business District,Sunday,790,41.3,Drizzle,25.5,1.9,Car,0
2025-09-07,20:00,Highway Junction,Sunday,1479,56.1,Drizzle,25.5,1.9,Two-Wheeler,0
2025-09-07,20:00,Railway Station Road,Sunday,829,31.7,Drizzle,25.5,1.9,Car,0
2025-09-07,20:00,Residential Ring Road,Sunday,547,39.1,Drizzle,25.5,1.9,Car,0
2025-09-07,20:00,University Avenue,Sunday,352,44.1,Drizzle,25.5,1.9,Auto Rickshaw,0
2025-09-07,21:00,Central Business District,Sunday,596,41.4,Drizzle,24.6,1.2,Car,0
2025-09-07,21:00,Highway Junction,Sunday,1204,62.1,Drizzle,24.6,1.2,Two-Wheeler,0
2025-09-07,21:00,Railway Station Road,Sunday,617,31.7,Drizzle,24.6,1.2,Two-Wheeler,0
2025-09-07,21:00,Residential Ring Road,Sunday,355,50.0,Drizzle,24.6,1.2,Two-Wheeler,0
2025-09-07,21:00,University Avenue,Sunday,257,45.0,Drizzle,24.6,1.2,Two-Wheeler,1
2025-09-07,22:00,Central Business District,Sunday,414,40.4,Drizzle,23.4,0.4,Car,0
2025-09-07,22:00,Highway Junction,Sunday,855,64.2,Drizzle,23.4,0.4,Bus,0
2025-09-07,22:00,Railway Station Road,Sunday,479,35.1,Drizzle,23.4,0.4,Two-Wheeler,0
2025-09-07,22:00,Residential Ring Road,Sunday,289,48.5,Drizzle,23.4,0.4,Truck,0
2025-09-07,22:00,University Avenue,Sunday,204,47.4,Drizzle,23.4,0.4,Two-Wheeler,0
2025-09-07,23:00,Central Business District,Sunday,272,42.2,Drizzle,24.3,1.0,Truck,0
2025-09-07,23:00,Highway Junction,Sunday,570,66.1,Drizzle,24.3,1.0,Car,0
2025-09-07,23:00,Railway Station Road,Sunday,343,40.5,Drizzle,24.3,1.0,Truck,0
2025-09-07,23:00,Residential Ring Road,Sunday,205,50.1,Drizzle,24.3,1.0,Truck,0
2025-09-07,23:00,University Avenue,Sunday,153,49.7,Drizzle,24.3,1.0,Car,0
2025-09-08,00:00,Central Business District,Monday,124,44.7,Cloudy,23.1,0.0,Truck,0
2025-09-08,00:00,Highway Junction,Monday,170,68.0,Cloudy,23.1,0.0,Truck,0
2025-09-08,00:00,Railway Station Road,Monday,140,39.6,Cloudy,23.1,0.0,Car,0
2025-09-08,00:00,Residential Ring Road,Monday,67,48.8,Cloudy,23.1,0.0,Truck,0
2025-09-08,00:00,University Avenue,Monday,95,45.7,Cloudy,23.1,0.0,Truck,0
2025-09-08,01:00,Central Business District,Monday,133,42.7,Cloudy,22.9,0.0,Truck,0
2025-09-08,01:00,Highway Junction,Monday,188,71.1,Cloudy,22.9,0.0,Car,0
2025-09-08,01:00,Railway Station Road,Monday,106,40.3,Cloudy,22.9,0.0,Truck,0
2025-09-08,01:00,Residential Ring Road,Monday,63,47.0,Cloudy,22.9,0.0,Bus,0
2025-09-08,01:00,University Avenue,Monday,85,50.3,Cloudy,22.9,0.0,Truck,0
2025-09-08,02:00,Central Business District,Monday,132,45.7,Cloudy,21.5,0.0,Car,0
2025-09-08,02:00,Highway Junction,Monday,171,67.1,Cloudy,21.5,0.0,Car,0
2025-09-08,02:00,Railway Station Road,Monday,121,37.7,Cloudy,21.5,0.0,Truck,0
2025-09-08,02:00,Residential Ring Road,Monday,66,54.2,Cloudy,21.5,0.0,Truck,0
2025-09-08,02:00,University Avenue,Monday,93,48.3,Cloudy,21.5,0.0,Truck,0
2025-09-08,03:00,Central Business District,Monday,141,45.7,Cloudy,22.0,0.0,Car,0
2025-09-08,03:00,Highway Junction,Monday,177,69.6,Cloudy,22.0,0.0,Car,0
2025-09-08,03:00,Railway Station Road,Monday,124,40.3,Cloudy,22.0,0.0,Truck,0
2025-09-08,03:00,Residential Ring Road,Monday,61,46.7,Cloudy,22.0,0.0,Bus,0
2025-09-08,03:00,University Avenue,Monday,91,49.5,Cloudy,22.0,0.0,Truck,0
2025-09-08,04:00,Central Business District,Monday,142,46.0,Cloudy,22.9,0.0,Car,0
2025-09-08,04:00,Highway Junction,Monday,191,69.2,Cloudy,22.9,0.0,Two-Wheeler,0
2025-09-08,04:00,Railway Station Road,Monday,125,38.8,Cloudy,22.9,0.0,Bus,0
2025-09-08,04:00,Residential Ring Road,Monday,83,46.7,Cloudy,22.9,0.0,Truck,0
2025-09-08,04:00,University Avenue,Monday,88,50.0,Cloudy,22.9,0.0,Truck,0
2025-09-08,05:00,Central Business District,Monday,171,43.5,Cloudy,24.1,0.0,Car,0
2025-09-08,05:00,Highway Junction,Monday,351,70.3,Cloudy,24.1,0.0,Two-Wheeler,0
2025-09-08,05:00,Railway Station Road,Monday,252,39.1,Cloudy,24.1,0.0,Truck,0
2025-09-08,05:00,Residential Ring Road,Monday,172,50.8,Cloudy,24.1,0.0,Car,0
2025-09-08,05:00,University Avenue,Monday,111,50.4,Cloudy,24.1,0.0,Bus,0
2025-09-08,06:00,Central Business District,Monday,311,44.0,Drizzle,20.8,1.7,Two-Wheeler,0
2025-09-08,06:00,Highway Junction,Monday,666,64.4,Drizzle,20.8,1.7,Car,0
2025-09-08,06:00,Railway Station Road,Monday,602,31.8,Drizzle,20.8,1.7,Two-Wheeler,0
2025-09-08,06:00,Residential Ring Road,Monday,424,45.2,Drizzle,20.8,1.7,Truck,0
2025-09-08,06:00,University Avenue,Monday,177,51.0,Drizzle,20.8,1.7,Car,0
2025-09-08,07:00,Central Business District,Monday,873,40.1,Drizzle,22.1,0.6,Car,0
2025-09-08,07:00,Highway Junction,Monday,1777,55.6,Drizzle,22.1,0.6,Car,0
2025-09-08,07:00,Railway Station Road,Monday,1279,31.2,Drizzle,22.1,0.6,Two-Wheeler,0
2025-09-08,07:00,Residential Ring Road,Monday,702,37.5,Drizzle,22.1,0.6,Two-Wheeler,0
2025-09-08,07:00,University Avenue,Monday,428,43.8,Drizzle,22.1,0.6,Car,0
2025-09-08,08:00,Central Business District,Monday,1680,33.0,Drizzle,22.9,1.3,Car,0
2025-09-08,08:00,Highway Junction,Monday,2475,44.8,Drizzle,22.9,1.3,Two-Wheeler,0
2025-09-08,08:00,Railway Station Road,Monday,1954,19.9,Drizzle,22.9,1.3,Two-Wheeler,0
2025-09-08,08:00,Residential Ring Road,Monday,676,39.1,Drizzle,22.9,1.3,Two-Wheeler,1
2025-09-08,08:00,University Avenue,Monday,902,39.1,Drizzle,22.9,1.3,Two-Wheeler,0
2025-09-08,09:00,Central Business District,Monday,2334,24.6,Drizzle,25.4,0.9,Two-Wheeler,0
2025-09-08,09:00,Highway Junction,Monday,1994,48.7,Drizzle,25.4,0.9,Two-Wheeler,0
2025-09-08,09:00,Railway Station Road,Monday,1390,30.2,Drizzle,25.4,0.9,Car,0
2025-09-08,09:00,Residential Ring Road,Monday,654,38.9,Drizzle,25.4,0.9,Bus,0
2025-09-08,09:00,University Avenue,Monday,1282,27.5,Drizzle,25.4,0.9,Car,0
2025-09-08,10:00,Central Business District,Monday,1766,30.5,Drizzle,24.3,1.4,Two-Wheeler,0
2025-09-08,10:00,Highway Junction,Monday,1454,59.8,Drizzle,24.3,1.4,Car,0
2025-09-08,10:00,Railway Station Road,Monday,846,33.4,Drizzle,24.3,1.4,Bus,0
2025-09-08,10:00,Residential Ring Road,Monday,335,46.4,Drizzle,24.3,1.4,Truck,0
2025-09-08,10:00,University Avenue,Monday,1059,33.3,Drizzle,24.3,1.4,Car,0
2025-09-08,11:00,Central Business District,Monday,1381,32.7,Drizzle,28.5,1.0,Car,0
2025-09-08,11:00,Highway Junction,Monday,1118,57.6,Drizzle,28.5,1.0,Car,0
2025-09-08,11:00,Railway Station Road,Monday,770,37.2,Drizzle,28.5,1.0,Car,0
2025-09-08,11:00,Residential Ring Road,Monday,369,42.1,Drizzle,28.5,1.0,Two-Wheeler,0
2025-09-08,11:00,University Avenue,Monday,754,38.8,Drizzle,28.5,1.0,Two-Wheeler,0
2025-09-08,12:00,Central Business District,Monday,1068,39.2,Drizzle,26.8,0.6,Two-Wheeler,0
2025-09-08,12:00,Highway Junction,Monday,1028,59.0,Drizzle,26.8,0.6,Car,0
2025-09-08,12:00,Railway Station Road,Monday,888,36.1,Drizzle,26.8,0.6,Two-Wheeler,0
2025-09-08,12:00,Residential Ring Road,Monday,361,46.4,Drizzle,26.8,0.6,Two-Wheeler,1
2025-09-08,12:00,University Avenue,Monday,619,46.0,Drizzle,26.8,0.6,Two-Wheeler,0
2025-09-08,13:00,Central Business District,Monday,980,40.4,Drizzle,30.7,1.7,Truck,0
2025-09-08,13:00,Highway Junction,Monday,1386,57.5,Drizzle,30.7,1.7,Car,0
2025-09-08,13:00,Railway Station Road,Monday,793,35.2,Drizzle,30.7,1.7,Two-Wheeler,0
2025-09-08,13:00,Residential Ring Road,Monday,542,38.5,Drizzle,30.7,1.7,Car,0
2025-09-08,13:00,University Avenue,Monday,704,44.2,Drizzle,30.7,1.7,Bus,0
2025-09-08,14:00,Central Business District,Monday,1053,42.7,Cloudy,30.4,0.0,Truck,0
2025-09-08,14:00,Highway Junction,Monday,1348,61.3,Cloudy,30.4,0.0,Two-Wheeler,0
2025-09-08,14:00,Railway Station Road,Monday,868,36.0,Cloudy,30.4,0.0,Car,0
2025-09-08,14:00,Residential Ring Road,Monday,392,43.4,Cloudy,30.4,0.0,Auto Rickshaw,0
2025-09-08,14:00,University Avenue,Monday,979,38.2,Cloudy,30.4,0.0,Two-Wheeler,0
2025-09-08,15:00,Central Business District,Monday,1180,37.5,Cloudy,31.2,0.0,Bus,0
2025-09-08,15:00,Highway Junction,Monday,1721,58.2,Cloudy,31.2,0.0,Car,0
2025-09-08,15:00,Railway Station Road,Monday,785,38.3,Cloudy,31.2,0.0,Two-Wheeler,0
2025-09-08,15:00,Residential Ring Road,Monday,424,43.5,Cloudy,31.2,0.0,Car,0
2025-09-08,15:00,University Avenue,Monday,1184,28.7,Cloudy,31.2,0.0,Car,1
2025-09-08,16:00,Central Business District,Monday,1471,32.8,Cloudy,,0.0,Two-Wheeler,0
2025-09-08,16:00,Highway Junction,Monday,1963,50.9,Cloudy,31.6,0.0,Car,0
2025-09-08,16:00,Railway Station Road,Monday,982,30.9,Cloudy,31.6,0.0,Two-Wheeler,0
2025-09-08,16:00,Residential Ring Road,Monday,335,47.8,Cloudy,31.6,0.0,Two-Wheeler,0
2025-09-08,16:00,University Avenue,Monday,1491,25.3,Cloudy,31.6,0.0,Two-Wheeler,0
2025-09-08,17:00,Central Business District,Monday,2230,23.0,Cloudy,32.3,0.0,Car,0
2025-09-08,17:00,Highway Junction,Monday,2200,51.4,Cloudy,32.3,0.0,Two-Wheeler,0
2025-09-08,17:00,Railway Station Road,Monday,1388,27.6,Cloudy,32.3,0.0,Two-Wheeler,0
2025-09-08,17:00,Residential Ring Road,Monday,534,40.5,Cloudy,32.3,0.0,Two-Wheeler,0
2025-09-08,17:00,University Avenue,Monday,1320,29.2,Cloudy,32.3,0.0,Car,0
2025-09-08,18:00,Central Business District,Monday,2144,26.2,Cloudy,29.4,0.0,Two-Wheeler,0
2025-09-08,18:00,Highway Junction,Monday,2237,46.4,Cloudy,29.4,0.0,Two-Wheeler,0
2025-09-08,18:00,Railway Station Road,Monday,1396,29.1,Cloudy,29.4,0.0,Car,0
2025-09-08,18:00,Residential Ring Road,Monday,605,,Cloudy,29.4,0.0,Two-Wheeler,0
2025-09-08,18:00,University Avenue,Monday,876,39.6,Cloudy,29.4,0.0,Car,0
2025-09-08,19:00,Central Business District,Monday,1657,31.3,Cloudy,29.1,0.0,Truck,0
2025-09-08,19:00,Highway Junction,Monday,1541,56.6,Cloudy,29.1,0.0,Truck,0
2025-09-08,19:00,Railway Station Road,Monday,1643,21.4,Cloudy,29.1,0.0,Car,0
2025-09-08,19:00,Residential Ring Road,Monday,600,42.5,Cloudy,29.1,0.0,Car,0
2025-09-08,19:00,University Avenue,Monday,524,47.3,Cloudy,29.1,0.0,Two-Wheeler,0
2025-09-08,20:00,Central Business District,Monday,1055,39.5,Cloudy,28.8,0.0,Auto Rickshaw,0
2025-09-08,20:00,Highway Junction,Monday,897,64.0,Cloudy,28.8,0.0,Auto Rickshaw,0
2025-09-08,20:00,Railway Station Road,Monday,1166,32.3,Cloudy,28.8,0.0,Two-Wheeler,0
2025-09-08,20:00,Residential Ring Road,Monday,591,41.1,Cloudy,28.8,0.0,Car,0
2025-09-08,20:00,University Avenue,Monday,230,45.8,Cloudy,28.8,0.0,Bus,0
2025-09-08,21:00,Central Business District,Monday,466,45.3,Cloudy,27.3,0.0,Two-Wheeler,0
2025-09-08,21:00,Highway Junction,Monday,374,68.4,Cloudy,27.3,0.0,Two-Wheeler,0
2025-09-08,21:00,Railway Station Road,Monday,617,38.3,Cloudy,27.3,0.0,Car,0
2025-09-08,21:00,Residential Ring Road,Monday,420,45.1,Cloudy,27.3,0.0,Two-Wheeler,0
2025-09-08,21:00,University Avenue,Monday,117,,Cloudy,27.3,0.0,Auto Rickshaw,0
2025-09-08,22:00,Central Business District,Monday,276,43.5,Cloudy,25.5,0.0,Truck,0
2025-09-08,22:00,Highway Junction,Monday,240,68.4,Cloudy,25.5,0.0,Bus,0
2025-09-08,22:00,Railway Station Road,Monday,265,42.4,Cloudy,25.5,0.0,Car,0
2025-09-08,22:00,Residential Ring Road,Monday,191,47.5,Cloudy,25.5,0.0,Two-Wheeler,0
2025-09-08,22:00,University Avenue,Monday,90,47.9,Cloudy,25.5,0.0,Truck,0
2025-09-08,23:00,Central Business District,Monday,167,47.2,Cloudy,24.6,0.0,Bus,0
2025-09-08,23:00,Highway Junction,Monday,207,70.1,Cloudy,24.6,0.0,Truck,0
2025-09-08,23:00,Railway Station Road,Monday,163,36.2,Cloudy,24.6,0.0,Car,0
2025-09-08,23:00,Residential Ring Road,Monday,111,50.9,Cloudy,24.6,0.0,Truck,0
2025-09-08,23:00,University Avenue,Monday,95,48.2,Cloudy,24.6,0.0,Car,0
2025-09-09,00:00,Central Business District,Tuesday,133,46.2,Clear,23.6,0.0,Car,0
2025-09-09,00:00,Highway Junction,Tuesday,173,71.3,Clear,23.6,0.0,Car,0
2025-09-09,00:00,Railway Station Road,Tuesday,117,36.8,Clear,23.6,0.0,Two-Wheeler,0
2025-09-09,00:00,Residential Ring Road,Tuesday,67,45.4,Clear,23.6,0.0,Truck,0
2025-09-09,00:00,University Avenue,Tuesday,92,50.5,Clear,23.6,0.0,Two-Wheeler,0
2025-09-09,01:00,Central Business District,Tuesday,143,42.6,Clear,22.9,0.0,Two-Wheeler,0
2025-09-09,01:00,Highway Junction,Tuesday,170,69.1,Clear,22.9,0.0,Two-Wheeler,0
2025-09-09,01:00,Railway Station Road,Tuesday,131,39.8,Clear,22.9,0.0,Truck,0
2025-09-09,01:00,Residential Ring Road,Tuesday,67,49.6,Clear,22.9,0.0,Truck,0
2025-09-09,01:00,University Avenue,Tuesday,81,50.6,Clear,22.9,0.0,Auto Rickshaw,0
2025-09-09,02:00,Central Business District,Tuesday,153,45.8,Clear,22.8,0.0,Two-Wheeler,0
2025-09-09,02:00,Highway Junction,Tuesday,182,68.6,Clear,22.8,0.0,Truck,0
2025-09-09,02:00,Railway Station Road,Tuesday,141,38.1,Clear,22.8,0.0,Truck,0
2025-09-09,02:00,Residential Ring Road,Tuesday,66,49.6,Clear,22.8,0.0,Truck,0
2025-09-09,02:00,University Avenue,Tuesday,101,51.4,Clear,22.8,0.0,Truck,0
2025-09-09,03:00,Central Business District,Tuesday,144,43.5,Clear,22.1,0.0,Truck,0
2025-09-09,03:00,Highway Junction,Tuesday,175,65.3,Clear,22.1,0.0,Truck,0
2025-09-09,03:00,Railway Station Road,Tuesday,124,39.1,Clear,22.1,0.0,Car,0
2025-09-09,03:00,Residential Ring Road,Tuesday,60,51.9,Clear,22.1,0.0,Two-Wheeler,0
2025-09-09,03:00,University Avenue,Tuesday,85,47.8,Clear,22.1,0.0,Truck,0
2025-09-09,04:00,Central Business District,Tuesday,141,48.0,Clear,23.0,0.0,Truck,0
2025-09-09,04:00,Highway Junction,Tuesday,213,69.2,Clear,23.0,0.0,Two-Wheeler,0
2025-09-09,04:00,Railway Station Road,Tuesday,127,41.0,Clear,23.0,0.0,Two-Wheeler,0
2025-09-09,04:00,Residential Ring Road,Tuesday,78,50.3,Clear,23.0,0.0,Car,0
2025-09-09,04:00,University Avenue,Tuesday,101,48.2,Clear,23.0,0.0,Car,0
2025-09-09,05:00,Central Business District,Tuesday,186,42.2,Clear,23.9,0.0,Truck,0
2025-09-09,05:00,Highway Junction,Tuesday,310,69.6,Clear,23.9,0.0,Car,1
2025-09-09,05:00,Railway Station Road,Tuesday,226,42.2,Clear,23.9,0.0,Two-Wheeler,0
2025-09-09,05:00,Railway Station Road,Tuesday,226,42.2,Clear,23.9,0.0,Two-Wheeler,0
2025-09-09,05:00,Residential Ring Road,Tuesday,172,45.0,Clear,23.9,0.0,Truck,0
2025-09-09,05:00,University Avenue,Tuesday,121,46.5,Clear,23.9,0.0,Bus,0
2025-09-09,06:00,Central Business District,Tuesday,314,38.7,Clear,23.9,0.0,Truck,0
2025-09-09,06:00,Highway Junction,Tuesday,843,66.9,Clear,23.9,0.0,Truck,0
2025-09-09,06:00,Railway Station Road,Tuesday,584,39.1,Clear,23.9,0.0,Car,0
2025-09-09,06:00,Residential Ring Road,Tuesday,392,46.3,Clear,23.9,0.0,Two-Wheeler,0
2025-09-09,06:00,University Avenue,Tuesday,188,52.6,Clear,23.9,0.0,Car,0
2025-09-09,07:00,Central Business District,Tuesday,805,42.0,Clear,25.0,0.0,Two-Wheeler,0
2025-09-09,07:00,Highway Junction,Tuesday,1568,57.9,Clear,25.0,0.0,Bus,0
2025-09-09,07:00,Railway Station Road,Tuesday,1345,30.4,Clear,25.0,0.0,Auto Rickshaw,0
2025-09-09,07:00,Residential Ring Road,Tuesday,698,35.8,Clear,25.0,0.0,Car,0
2025-09-09,07:00,University Avenue,Tuesday,470,45.8,Clear,25.0,0.0,Auto Rickshaw,0
2025-09-09,08:00,Central Business District,Tuesday,1845,29.1,Clear,25.9,0.0,Two-Wheeler,0
2025-09-09,08:00,Highway Junction,Tuesday,2465,46.8,Clear,25.9,0.0,Two-Wheeler,0
2025-09-09,08:00,Railway Station Road,Tuesday,1960,19.5,Clear,25.9,0.0,Auto Rickshaw,0
2025-09-09,08:00,Residential Ring Road,Tuesday,757,37.6,Clear,25.9,0.0,Car,0
2025-09-09,08:00,University Avenue,Tuesday,1064,31.7,Clear,25.9,0.0,Two-Wheeler,0
2025-09-09,09:00,Central Business District,Tuesday,2579,22.8,Clear,27.0,0.0,Car,0
2025-09-09,09:00,Highway Junction,Tuesday,2001,55.1,Clear,27.0,0.0,Two-Wheeler,0
2025-09-09,09:00,Railway Station Road,Tuesday,1499,28.1,Clear,27.0,0.0,Two-Wheeler,0
2025-09-09,09:00,Residential Ring Road,Tuesday,500,46.0,Clear,,0.0,Truck,0
2025-09-09,09:00,University Avenue,Tuesday,1209,34.4,Clear,27.0,0.0,Bus,0
2025-09-09,10:00,Central Business District,Tuesday,2474,21.8,Clear,27.6,0.0,Two-Wheeler,0
2025-09-09,10:00,Highway Junction,Tuesday,1190,58.7,Clear,27.6,0.0,Two-Wheeler,0
2025-09-09,10:00,Railway Station Road,Tuesday,976,35.2,Clear,27.6,0.0,Car,0
2025-09-09,10:00,Residential Ring Road,Tuesday,382,42.9,Clear,27.6,0.0,Truck,0
2025-09-09,10:00,University Avenue,Tuesday,1100,35.9,Clear,27.6,0.0,Two-Wheeler,0
2025-09-09,11:00,Central Business District,Tuesday,1324,34.8,Clear,29.5,0.0,Truck,1
2025-09-09,11:00,Highway Junction,Tuesday,1184,62.7,Clear,29.5,0.0,Two-Wheeler,0
2025-09-09,11:00,Railway Station Road,Tuesday,752,35.6,Clear,29.5,0.0,Car,0
2025-09-09,11:00,Residential Ring Road,Tuesday,369,43.8,Clear,29.5,0.0,Two-Wheeler,0
2025-09-09,11:00,University Avenue,Tuesday,762,41.6,Clear,29.5,0.0,Car,0
2025-09-09,12:00,Central Business District,Tuesday,980,36.2,Clear,30.1,0.0,Car,0
2025-09-09,12:00,Highway Junction,Tuesday,1154,61.3,Clear,30.1,0.0,Two-Wheeler,0
2025-09-09,12:00,Railway Station Road,Tuesday,734,40.9,Clear,30.1,0.0,Car,0
2025-09-09,12:00,Residential Ring Road,Tuesday,426,47.0,Clear,30.1,0.0,Two-Wheeler,0
2025-09-09,12:00,University Avenue,Tuesday,707,46.0,Clear,30.1,0.0,Car,0
2025-09-09,13:00,Central Business District,Tuesday,936,37.7,Clear,32.6,0.0,Car,0
2025-09-09,13:00,Highway Junction,Tuesday,1356,60.5,Clear,32.6,0.0,Car,0
2025-09-09,13:00,Railway Station Road,Tuesday,773,34.3,Clear,32.6,0.0,Car,0
2025-09-09,13:00,Residential Ring Road,Tuesday,436,44.9,Clear,32.6,0.0,Two-Wheeler,0
2025-09-09,13:00,University Avenue,Tuesday,663,40.0,Clear,32.6,0.0,Car,0
2025-09-09,14:00,Central Business District,Tuesday,1105,38.3,Clear,32.6,0.0,Car,0
2025-09-09,14:00,Highway Junction,Tuesday,1397,58.3,Clear,32.6,0.0,Two-Wheeler,0
2025-09-09,14:00,Railway Station Road,Tuesday,705,36.7,Clear,32.6,0.0,Car,0
2025-09-09,14:00,Residential Ring Road,Tuesday,407,48.0,Clear,32.6,0.0,Bus,0
2025-09-09,14:00,University Avenue,Tuesday,926,37.4,Clear,32.6,0.0,Two-Wheeler,0
2025-09-09,15:00,Central Business District,Tuesday,1185,37.8,Clear,31.8,0.0,Two-Wheeler,0
2025-09-09,15:00,Highway Junction,Tuesday,1574,56.6,Clear,31.8,0.0,Car,0
2025-09-09,15:00,Railway Station Road,Tuesday,817,34.4,Clear,31.8,0.0,Two-Wheeler,0
2025-09-09,15:00,Residential Ring Road,Tuesday,381,45.3,Clear,31.8,0.0,Auto Rickshaw,0
2025-09-09,15:00,University Avenue,Tuesday,1119,31.8,Clear,31.8,0.0,Car,0
2025-09-09,16:00,Central Business District,Tuesday,1610,32.7,Clear,30.7,0.0,Two-Wheeler,0
2025-09-09,16:00,Highway Junction,Tuesday,2121,49.8,Clear,30.7,0.0,Two-Wheeler,0
2025-09-09,16:00,Railway Station Road,Tuesday,987,33.2,Clear,30.7,0.0,Car,0
2025-09-09,16:00,Residential Ring Road,Tuesday,453,42.6,Clear,30.7,0.0,Car,0
2025-09-09,16:00,University Avenue,Tuesday,1381,25.0,Clear,30.7,0.0,Two-Wheeler,0
2025-09-09,17:00,Central Business District,Tuesday,1848,28.6,Clear,30.0,0.0,Two-Wheeler,0
2025-09-09,17:00,Highway Junction,Tuesday,2336,40.5,Clear,30.0,0.0,Two-Wheeler,0
2025-09-09,17:00,Railway Station Road,Tuesday,1377,31.9,Clear,30.0,0.0,Two-Wheeler,0
2025-09-09,17:00,Residential Ring Road,Tuesday,486,44.5,Clear,30.0,0.0,Two-Wheeler,0
2025-09-09,17:00,University Avenue,Tuesday,1126,35.8,Clear,30.0,0.0,Car,0
2025-09-09,18:00,Central Business District,Tuesday,2133,25.9,Clear,31.1,0.0,Car,0
2025-09-09,18:00,Highway Junction,Tuesday,1899,46.4,Clear,31.1,0.0,Two-Wheeler,0
2025-09-09,18:00,Railway Station Road,Tuesday,1553,26.9,Clear,31.1,0.0,Car,0
2025-09-09,18:00,Residential Ring Road,Tuesday,689,36.1,Clear,31.1,0.0,Car,0
2025-09-09,18:00,University Avenue,Tuesday,778,41.0,Clear,31.1,0.0,Car,0
2025-09-09,19:00,Central Business District,Tuesday,1826,29.1,Clear,29.5,0.0,Two-Wheeler,0
2025-09-09,19:00,Highway Junction,Tuesday,1465,58.4,Clear,29.5,0.0,Bus,0
2025-09-09,19:00,Railway Station Road,Tuesday,1625,26.3,Clear,29.5,0.0,Car,0
2025-09-09,19:00,Residential Ring Road,Tuesday,691,37.7,Clear,29.5,0.0,Two-Wheeler,0
2025-09-09,19:00,University Avenue,Tuesday,456,43.5,Clear,29.5,0.0,Car,0
2025-09-09,20:00,Central Business District,Tuesday,1252,36.5,Clear,28.5,0.0,Bus,0
2025-09-09,20:00,Highway Junction,Tuesday,741,63.5,Clear,28.5,0.0,Auto Rickshaw,0
2025-09-09,20:00,Railway Station Road,Tuesday,1096,30.8,Clear,28.5,0.0,Bus,1
2025-09-09,20:00,Residential Ring Road,Tuesday,545,38.4,Clear,28.5,0.0,Two-Wheeler,0
2025-09-09,20:00,University Avenue,Tuesday,218,47.9,Clear,28.5,0.0,Car,0
2025-09-09,21:00,Central Business District,Tuesday,506,45.5,Clear,25.6,0.0,Two-Wheeler,0
2025-09-09,21:00,Highway Junction,Tuesday,416,67.8,Clear,25.6,0.0,Truck,0
2025-09-09,21:00,Railway Station Road,Tuesday,581,34.1,Clear,25.6,0.0,Two-Wheeler,0
2025-09-09,21:00,Residential Ring Road,Tuesday,324,45.9,Clear,25.6,0.0,Two-Wheeler,0
2025-09-09,21:00,University Avenue,Tuesday,135,51.3,Clear,25.6,0.0,Car,0
2025-09-09,22:00,Central Business District,Tuesday,251,43.3,Clear,26.6,0.0,Car,0
2025-09-09,22:00,Highway Junction,Tuesday,241,67.0,Clear,26.6,0.0,Car,0
2025-09-09,22:00,Railway Station Road,Tuesday,310,40.3,Clear,26.6,0.0,Car,0
2025-09-09,22:00,Residential Ring Road,Tuesday,176,46.5,Clear,26.6,0.0,Bus,0
2025-09-09,22:00,University Avenue,Tuesday,97,47.9,Clear,26.6,0.0,Two-Wheeler,0
2025-09-09,23:00,Central Business District,Tuesday,175,45.7,Clear,25.1,0.0,Truck,0
2025-09-09,23:00,Highway Junction,Tuesday,206,70.6,Clear,25.1,0.0,Truck,0
2025-09-09,23:00,Railway Station Road,Tuesday,167,38.4,Clear,25.1,0.0,Car,0
2025-09-09,23:00,Residential Ring Road,Tuesday,97,47.8,Clear,25.1,0.0,Bus,0
2025-09-09,23:00,University Avenue,Tuesday,88,50.2,Clear,25.1,0.0,Car,0
2025-09-10,00:00,Central Business District,Wednesday,155,45.3,Cloudy,23.4,0.0,Truck,0
2025-09-10,00:00,Highway Junction,Wednesday,177,68.1,Cloudy,23.4,0.0,Bus,0
2025-09-10,00:00,Railway Station Road,Wednesday,119,39.8,Cloudy,23.4,0.0,Truck,0
2025-09-10,00:00,Residential Ring Road,Wednesday,60,52.1,Cloudy,23.4,0.0,Two-Wheeler,0
2025-09-10,00:00,University Avenue,Wednesday,97,51.2,Cloudy,23.4,0.0,Two-Wheeler,0
2025-09-10,01:00,Central Business District,Wednesday,142,45.3,Cloudy,23.3,0.0,Two-Wheeler,0
2025-09-10,01:00,Highway Junction,Wednesday,192,70.9,Cloudy,23.3,0.0,Two-Wheeler,0
2025-09-10,01:00,Railway Station Road,Wednesday,126,40.1,Cloudy,23.3,0.0,Auto Rickshaw,0
2025-09-10,01:00,Residential Ring Road,Wednesday,67,48.9,Cloudy,23.3,0.0,Bus,0
2025-09-10,01:00,University Avenue,Wednesday,96,52.1,Cloudy,23.3,0.0,Auto Rickshaw,0
2025-09-10,02:00,Central Business District,Wednesday,127,46.2,Cloudy,22.7,0.0,Two-Wheeler,0
2025-09-10,02:00,Central Business District,Wednesday,127,46.2,Cloudy,22.7,0.0,Two-Wheeler,0
2025-09-10,02:00,Highway Junction,Wednesday,189,71.8,Cloudy,22.7,0.0,Bus,0
2025-09-10,02:00,Railway Station Road,Wednesday,115,39.3,Cloudy,22.7,0.0,Bus,0
2025-09-10,02:00,Residential Ring Road,Wednesday,57,52.0,Cloudy,22.7,0.0,Two-Wheeler,0
2025-09-10,02:00,University Avenue,Wednesday,102,52.4,Cloudy,22.7,0.0,Bus,0
2025-09-10,03:00,Central Business District,Wednesday,124,46.0,Cloudy,22.3,0.0,Truck,0
2025-09-10,03:00,Highway Junction,Wednesday,185,69.2,Cloudy,22.3,0.0,Car,0
2025-09-10,03:00,Railway Station Road,Wednesday,126,40.3,Cloudy,22.3,0.0,Car,0
2025-09-10,03:00,Residential Ring Road,Wednesday,55,48.9,Cloudy,22.3,0.0,Truck,0
2025-09-10,03:00,University Avenue,Wednesday,90,48.9,Cloudy,22.3,0.0,Car,0
2025-09-10,04:00,Central Business District,Wednesday,154,47.0,Cloudy,22.6,0.0,Car,0
2025-09-10,04:00,Highway Junction,Wednesday,213,66.4,Cloudy,22.6,0.0,Truck,0
2025-09-10,04:00,Railway Station Road,Wednesday,138,36.3,Cloudy,22.6,0.0,Bus,0
2025-09-10,04:00,Residential Ring Road,Wednesday,80,50.5,Cloudy,22.6,0.0,Truck,0
2025-09-10,04:00,University Avenue,Wednesday,95,50.5,Cloudy,22.6,0.0,Truck,0
2025-09-10,05:00,Central Business District,Wednesday,183,44.7,Cloudy,22.9,0.0,Car,0
2025-09-10,05:00,Highway Junction,Wednesday,337,70.5,Cloudy,22.9,0.0,Bus,0
2025-09-10,05:00,Railway Station Road,Wednesday,232,38.0,Cloudy,22.9,0.0,Two-Wheeler,0
2025-09-10,05:00,Residential Ring Road,Wednesday,190,49.2,Cloudy,22.9,0.0,Car,0
2025-09-10,05:00,University Avenue,Wednesday,95,46.4,Cloudy,22.9,0.0,Auto Rickshaw,0
2025-09-10,06:00,Central Business District,Wednesday,302,41.8,Cloudy,23.9,0.0,Two-Wheeler,0
2025-09-10,06:00,Highway Junction,Wednesday,715,68.7,Cloudy,23.9,0.0,Two-Wheeler,0
2025-09-10,06:00,Railway Station Road,Wednesday,667,35.6,Cloudy,23.9,0.0,Truck,0
2025-09-10,06:00,Residential Ring Road,Wednesday,399,46.9,Cloudy,23.9,0.0,Car,0
2025-09-10,06:00,University Avenue,Wednesday,152,49.1,Cloudy,23.9,0.0,Car,0
2025-09-10,07:00,Central Business District,Wednesday,775,37.9,Cloudy,25.9,0.0,Two-Wheeler,0
2025-09-10,07:00,Highway Junction,Wednesday,1850,54.2,Cloudy,25.9,0.0,Two-Wheeler,0
2025-09-10,07:00,Railway Station Road,Wednesday,1254,31.0,Cloudy,25.9,0.0,Two-Wheeler,0
2025-09-10,07:00,Residential Ring Road,Wednesday,646,39.1,Cloudy,25.9,0.0,Car,0
2025-09-10,07:00,University Avenue,Wednesday,501,47.4,Cloudy,25.9,0.0,Car,0
2025-09-10,08:00,Central Business District,Wednesday,1703,31.8,Cloudy,23.8,0.0,Car,0
2025-09-10,08:00,Highway Junction,Wednesday,2530,41.6,Cloudy,23.8,0.0,Auto Rickshaw,0
2025-09-10,08:00,Railway Station Road,Wednesday,1894,19.2,Cloudy,23.8,0.0,Car,0
2025-09-10,08:00,Residential Ring Road,Wednesday,705,39.8,Cloudy,23.8,0.0,Car,0
2025-09-10,08:00,University Avenue,Wednesday,983,32.7,Cloudy,23.8,0.0,Car,0
2025-09-10,09:00,Central Business District,Wednesday,2386,23.7,Cloudy,26.8,0.0,Car,0
2025-09-10,09:00,Highway Junction,Wednesday,2291,47.2,Cloudy,26.8,0.0,Two-Wheeler,0
2025-09-10,09:00,Railway Station Road,Wednesday,1439,28.0,Cloudy,26.8,0.0,Truck,0
2025-09-10,09:00,Residential Ring Road,Wednesday,519,43.3,Cloudy,26.8,0.0,Two-Wheeler,0
2025-09-10,09:00,University Avenue,Wednesday,1427,24.3,Cloudy,26.8,0.0,Two-Wheeler,0
2025-09-10,10:00,Central Business District,Wednesday,2403,19.9,Cloudy,28.3,0.0,Two-Wheeler,0
2025-09-10,10:00,Highway Junction,Wednesday,1405,58.9,Cloudy,28.3,0.0,Car,0
2025-09-10,10:00,Railway Station Road,Wednesday,1087,34.3,Cloudy,28.3,0.0,Two-Wheeler,0
2025-09-10,10:00,Residential Ring Road,Wednesday,395,48.3,Cloudy,28.3,0.0,Car,0
2025-09-10,10:00,University Avenue,Wednesday,1079,36.6,Cloudy,28.3,0.0,Truck,0
2025-09-10,11:00,Central Business District,Wednesday,1349,34.4,Cloudy,29.5,0.0,Two-Wheeler,0
2025-09-10,11:00,Highway Junction,Wednesday,1111,60.8,Cloudy,29.5,0.0,Truck,0
2025-09-10,11:00,Railway Station Road,Wednesday,681,35.7,Cloudy,29.5,0.0,Two-Wheeler,0
2025-09-10,11:00,Residential Ring Road,Wednesday,337,45.0,Cloudy,29.5,0.0,Two-Wheeler,0
2025-09-10,11:00,University Avenue,Wednesday,892,39.7,Cloudy,29.5,0.0,Two-Wheeler,0
2025-09-10,12:00,Central Business District,Wednesday,1081,37.4,Cloudy,29.9,0.0,Truck,0
2025-09-10,12:00,Highway Junction,Wednesday,1060,66.4,Cloudy,29.9,0.0,Car,0
2025-09-10,12:00,Railway Station Road,Wednesday,631,35.8,Cloudy,29.9,0.0,Bus,0
2025-09-10,12:00,Residential Ring Road,Wednesday,459,45.0,Cloudy,29.9,0.0,Car,0
2025-09-10,12:00,University Avenue,Wednesday,674,46.0,Cloudy,29.9,0.0,Truck,0
2025-09-10,13:00,Central Business District,Wednesday,1035,37.7,Cloudy,29.5,0.0,Two-Wheeler,1
2025-09-10,13:00,Highway Junction,Wednesday,1320,60.1,Cloudy,29.5,0.0,Auto Rickshaw,0
2025-09-10,13:00,Railway Station Road,Wednesday,904,34.6,Cloudy,29.5,0.0,Two-Wheeler,0
2025-09-10,13:00,Residential Ring Road,Wednesday,509,42.1,Cloudy,29.5,0.0,Car,0
2025-09-10,13:00,University Avenue,Wednesday,635,41.3,Cloudy,29.5,0.0,Bus,0
2025-09-10,14:00,Central Business District,Wednesday,907,38.8,Cloudy,31.6,0.0,Two-Wheeler,0
2025-09-10,14:00,Highway Junction,Wednesday,1366,60.8,Cloudy,31.6,0.0,Two-Wheeler,0
2025-09-10,14:00,Railway Station Road,Wednesday,797,41.3,Cloudy,31.6,0.0,Two-Wheeler,0
2025-09-10,14:00,Residential Ring Road,Wednesday,468,45.3,Cloudy,31.6,0.0,Bus,0
2025-09-10,14:00,University Avenue,Wednesday,938,37.8,Cloudy,31.6,0.0,Two-Wheeler,0
2025-09-10,15:00,Central Business District,Wednesday,1114,37.8,Cloudy,32.9,0.0,Car,0
2025-09-10,15:00,Highway Junction,Wednesday,1634,57.8,Cloudy,32.9,0.0,Bus,0
2025-09-10,15:00,Railway Station Road,Wednesday,768,33.2,Cloudy,32.9,0.0,Car,0
2025-09-10,15:00,Residential Ring Road,Wednesday,407,43.3,Cloudy,32.9,0.0,Bus,0
2025-09-10,15:00,University Avenue,Wednesday,1033,33.8,Cloudy,32.9,0.0,Two-Wheeler,0
2025-09-10,16:00,Central Business District,Wednesday,1618,33.9,Cloudy,30.1,0.0,Car,0
2025-09-10,16:00,Highway Junction,Wednesday,2122,46.1,Cloudy,30.1,0.0,Two-Wheeler,0
2025-09-10,16:00,Railway Station Road,Wednesday,1093,32.9,Cloudy,30.1,0.0,Truck,0
2025-09-10,16:00,Residential Ring Road,Wednesday,383,44.8,Cloudy,30.1,0.0,Two-Wheeler,0
2025-09-10,16:00,University Avenue,Wednesday,1315,28.6,Cloudy,30.1,0.0,Truck,0
2025-09-10,17:00,Central Business District,Wednesday,1881,28.9,Cloudy,31.6,0.0,Bus,1
2025-09-10,17:00,Highway Junction,Wednesday,2288,49.5,Cloudy,31.6,0.0,Bus,0
2025-09-10,17:00,Railway Station Road,Wednesday,1428,30.1,Cloudy,31.6,0.0,Auto Rickshaw,0
2025-09-10,17:00,Residential Ring Road,Wednesday,523,39.6,Cloudy,31.6,0.0,Two-Wheeler,0
2025-09-10,17:00,University Avenue,Wednesday,1187,34.4,Cloudy,31.6,0.0,Car,0
2025-09-10,18:00,Central Business District,Wednesday,1932,29.1,Cloudy,29.9,0.0,Two-Wheeler,0
2025-09-10,18:00,Highway Junction,Wednesday,2278,49.0,Cloudy,29.9,0.0,Two-Wheeler,0
2025-09-10,18:00,Railway Station Road,Wednesday,1707,25.1,Cloudy,29.9,0.0,Two-Wheeler,0
2025-09-10,18:00,Residential Ring Road,Wednesday,608,36.3,Cloudy,29.9,0.0,Two-Wheeler,0
2025-09-10,18:00,University Avenue,Wednesday,768,37.2,Cloudy,29.9,0.0,Two-Wheeler,0
2025-09-10,19:00,Central Business District,Wednesday,1715,35.4,Cloudy,29.2,0.0,Two-Wheeler,0
2025-09-10,19:00,Highway Junction,Wednesday,1577,55.3,Cloudy,29.2,0.0,Two-Wheeler,0
2025-09-10,19:00,Railway Station Road,Wednesday,1473,29.2,Cloudy,29.2,0.0,Car,0
2025-09-10,19:00,Residential Ring Road,Wednesday,697,40.5,Cloudy,29.2,0.0,Two-Wheeler,0
2025-09-10,19:00,University Avenue,Wednesday,441,44.8,Cloudy,29.2,0.0,Car,0
2025-09-10,20:00,Central Business District,Wednesday,1146,38.7,Cloudy,27.3,0.0,Bus,0
2025-09-10,20:00,Highway Junction,Wednesday,789,63.7,Cloudy,27.3,0.0,Two-Wheeler,0
2025-09-10,20:00,Railway Station Road,Wednesday,1214,33.1,Cloudy,27.3,0.0,Two-Wheeler,0
2025-09-10,20:00,Residential Ring Road,Wednesday,576,43.0,Cloudy,27.3,0.0,Car,0
2025-09-10,20:00,University Avenue,Wednesday,230,48.1,Cloudy,27.3,0.0,Two-Wheeler,0
2025-09-10,21:00,Central Business District,Wednesday,474,43.8,Cloudy,26.7,0.0,Two-Wheeler,0
2025-09-10,21:00,Highway Junction,Wednesday,427,69.2,Cloudy,26.7,0.0,Two-Wheeler,0
2025-09-10,21:00,Railway Station Road,Wednesday,595,35.4,Cloudy,26.7,0.0,Car,0
2025-09-10,21:00,Residential Ring Road,Wednesday,396,42.9,Cloudy,26.7,0.0,Car,0
2025-09-10,21:00,University Avenue,Wednesday,146,47.8,Cloudy,26.7,0.0,Car,0
2025-09-10,22:00,Central Business District,Wednesday,268,46.6,Cloudy,26.9,0.0,Two-Wheeler,0
2025-09-10,22:00,Highway Junction,Wednesday,230,70.0,Cloudy,26.9,0.0,Auto Rickshaw,0
2025-09-10,22:00,Railway Station Road,Wednesday,299,35.0,Cloudy,26.9,0.0,Two-Wheeler,0
2025-09-10,22:00,Residential Ring Road,Wednesday,189,48.5,Cloudy,26.9,0.0,Car,0
2025-09-10,22:00,University Avenue,Wednesday,89,52.6,Cloudy,26.9,0.0,Two-Wheeler,0
2025-09-10,23:00,Central Business District,Wednesday,167,43.8,Cloudy,25.2,0.0,Two-Wheeler,0
2025-09-10,23:00,Highway Junction,Wednesday,215,71.0,Cloudy,25.2,0.0,Car,0
2025-09-10,23:00,Railway Station Road,Wednesday,165,43.5,Cloudy,,0.0,Truck,0
2025-09-10,23:00,Residential Ring Road,Wednesday,98,49.6,Cloudy,25.2,0.0,Truck,0
2025-09-10,23:00,University Avenue,Wednesday,104,48.5,Cloudy,25.2,0.0,Car,0
2025-09-11,00:00,Central Business District,Thursday,139,44.3,Clear,24.8,0.0,Truck,0
2025-09-11,00:00,Highway Junction,Thursday,175,72.8,Clear,24.8,0.0,Car,0
2025-09-11,00:00,Railway Station Road,Thursday,113,38.5,Clear,24.8,0.0,Car,0
2025-09-11,00:00,Residential Ring Road,Thursday,62,48.1,Clear,24.8,0.0,Truck,0
2025-09-11,00:00,University Avenue,Thursday,96,47.2,Clear,24.8,0.0,Two-Wheeler,0
2025-09-11,01:00,Central Business District,Thursday,147,47.1,Clear,23.5,0.0,Truck,0
2025-09-11,01:00,Highway Junction,Thursday,165,70.7,Clear,23.5,0.0,Truck,0
2025-09-11,01:00,Railway Station Road,Thursday,116,41.2,Clear,23.5,0.0,Truck,0
2025-09-11,01:00,Residential Ring Road,Thursday,63,51.6,Clear,23.5,0.0,Truck,0
2025-09-11,01:00,University Avenue,Thursday,90,52.0,Clear,23.5,0.0,Two-Wheeler,0
2025-09-11,02:00,Central Business District,Thursday,149,46.6,Clear,24.0,0.0,Two-Wheeler,0
2025-09-11,02:00,Highway Junction,Thursday,192,74.1,Clear,24.0,0.0,Two-Wheeler,0
2025-09-11,02:00,Railway Station Road,Thursday,127,37.4,Clear,24.0,0.0,Truck,0
2025-09-11,02:00,Residential Ring Road,Thursday,60,51.8,Clear,24.0,0.0,Two-Wheeler,0
2025-09-11,02:00,University Avenue,Thursday,94,48.4,Clear,24.0,0.0,Two-Wheeler,0
2025-09-11,03:00,Central Business District,Thursday,138,44.6,Clear,22.9,0.0,Two-Wheeler,0
2025-09-11,03:00,Highway Junction,Thursday,198,69.9,Clear,22.9,0.0,Truck,0
2025-09-11,03:00,Railway Station Road,Thursday,121,37.1,Clear,22.9,0.0,Two-Wheeler,0
2025-09-11,03:00,Residential Ring Road,Thursday,76,47.6,Clear,22.9,0.0,Car,0
2025-09-11,03:00,University Avenue,Thursday,97,48.3,Clear,22.9,0.0,Truck,0
2025-09-11,04:00,Central Business District,Thursday,130,47.3,Clear,23.3,0.0,Truck,0
2025-09-11,04:00,Highway Junction,Thursday,206,71.4,Clear,23.3,0.0,Truck,0
2025-09-11,04:00,Railway Station Road,Thursday,141,39.4,Clear,23.3,0.0,Truck,0
2025-09-11,04:00,Residential Ring Road,Thursday,87,48.8,Clear,23.3,0.0,Truck,0
2025-09-11,04:00,University Avenue,Thursday,86,50.7,Clear,23.3,0.0,Bus,0
2025-09-11,05:00,Central Business District,Thursday,163,46.0,Clear,22.9,0.0,Truck,0
2025-09-11,05:00,Highway Junction,Thursday,308,67.6,Clear,22.9,0.0,Truck,0
2025-09-11,05:00,Railway Station Road,Thursday,248,38.2,Clear,22.9,0.0,Car,0
2025-09-11,05:00,Residential Ring Road,Thursday,167,47.6,Clear,22.9,0.0,Truck,0
2025-09-11,05:00,University Avenue,Thursday,113,51.2,Clear,22.9,0.0,Two-Wheeler,0
2025-09-11,06:00,Central Business District,Thursday,300,45.3,Clear,23.9,0.0,Two-Wheeler,0
2025-09-11,06:00,Highway Junction,Thursday,826,66.3,Clear,23.9,0.0,Two-Wheeler,0
2025-09-11,06:00,Railway Station Road,Thursday,597,32.6,Clear,23.9,0.0,Car,0
2025-09-11,06:00,Residential Ring Road,Thursday,360,44.4,Clear,23.9,0.0,Two-Wheeler,0
2025-09-11,06:00,University Avenue,Thursday,184,47.2,Clear,23.9,0.0,Car,0
2025-09-11,07:00,Central Business District,Thursday,822,43.7,Clear,24.2,0.0,Two-Wheeler,0
2025-09-11,07:00,Highway Junction,Thursday,1695,55.5,Clear,24.2,0.0,Car,0
2025-09-11,07:00,Railway Station Road,Thursday,1393,29.7,Clear,24.2,0.0,Bus,0
2025-09-11,07:00,Residential Ring Road,Thursday,678,38.5,Clear,24.2,0.0,Bus,0
2025-09-11,07:00,University Avenue,Thursday,450,43.4,Clear,24.2,0.0,Two-Wheeler,0
2025-09-11,08:00,Central Business District,Thursday,1643,27.9,Clear,26.6,0.0,Car,0
2025-09-11,08:00,Highway Junction,Thursday,2379,43.1,Clear,26.6,0.0,Two-Wheeler,0
2025-09-11,08:00,Railway Station Road,Thursday,1808,23.2,Clear,26.6,0.0,Car,0
2025-09-11,08:00,Residential Ring Road,Thursday,747,34.9,Clear,26.6,0.0,Truck,0
2025-09-11,08:00,University Avenue,Thursday,954,40.9,Clear,26.6,0.0,Two-Wheeler,0
2025-09-11,09:00,Central Business District,Thursday,2416,22.6,Clear,26.1,0.0,Bus,0
2025-09-11,09:00,Highway Junction,Thursday,1970,52.0,Clear,26.1,0.0,Truck,0
2025-09-11,09:00,Railway Station Road,Thursday,1686,29.3,Clear,26.1,0.0,Bus,0
2025-09-11,09:00,Residential Ring Road,Thursday,465,44.7,Clear,26.1,0.0,Car,0
2025-09-11,09:00,University Avenue,Thursday,1234,32.2,Clear,26.1,0.0,Two-Wheeler,0
2025-09-11,10:00,Central Business District,Thursday,2102,25.3,Clear,28.8,0.0,Two-Wheeler,0
2025-09-11,10:00,Highway Junction,Thursday,1256,61.2,Clear,28.8,0.0,Two-Wheeler,0
2025-09-11,10:00,Railway Station Road,Thursday,998,34.2,Clear,28.8,0.0,Two-Wheeler,1
2025-09-11,10:00,Residential Ring Road,Thursday,384,46.1,Clear,28.8,0.0,Truck,0
2025-09-11,10:00,University Avenue,Thursday,1155,31.9,Clear,28.8,0.0,Truck,0
2025-09-11,11:00,Central Business District,Thursday,1301,36.9,Clear,29.1,0.0,Auto Rickshaw,0
2025-09-11,11:00,Highway Junction,Thursday,1142,64.2,Clear,29.1,0.0,Auto Rickshaw,0
2025-09-11,11:00,Railway Station Road,Thursday,827,36.2,Clear,29.1,0.0,Two-Wheeler,0
2025-09-11,11:00,Residential Ring Road,Thursday,411,46.2,Clear,29.1,0.0,Two-Wheeler,0
2025-09-11,11:00,University Avenue,Thursday,736,41.3,Clear,29.1,0.0,Truck,0
2025-09-11,12:00,Central Business District,Thursday,1039,39.0,Clear,31.1,0.0,Car,0
2025-09-11,12:00,Highway Junction,Thursday,1026,64.9,Clear,31.1,0.0,Car,0
2025-09-11,12:00,Railway Station Road,Thursday,781,36.7,Clear,31.1,0.0,Two-Wheeler,0
2025-09-11,12:00,Residential Ring Road,Thursday,464,38.0,Clear,31.1,0.0,Truck,0
2025-09-11,12:00,University Avenue,Thursday,728,42.7,Clear,31.1,0.0,Truck,0
2025-09-11,13:00,Central Business District,Thursday,848,41.5,Clear,31.5,0.0,Two-Wheeler,0
2025-09-11,13:00,Highway Junction,Thursday,1182,58.7,Clear,31.5,0.0,Bus,0
2025-09-11,13:00,Railway Station Road,Thursday,841,34.0,Clear,31.5,0.0,Two-Wheeler,0
2025-09-11,13:00,Residential Ring Road,Thursday,398,46.5,Clear,31.5,0.0,Car,0
2025-09-11,13:00,University Avenue,Thursday,819,42.5,Clear,31.5,0.0,Bus,0
2025-09-11,14:00,Central Business District,Thursday,1012,35.3,Clear,32.8,0.0,Car,0
2025-09-11,14:00,Highway Junction,Thursday,1338,58.8,Clear,32.8,0.0,Bus,0
2025-09-11,14:00,Railway Station Road,Thursday,810,35.9,Clear,32.8,0.0,Two-Wheeler,0
2025-09-11,14:00,Residential Ring Road,Thursday,435,44.2,Clear,32.8,0.0,Two-Wheeler,0
2025-09-11,14:00,University Avenue,Thursday,917,40.3,Clear,32.8,0.0,Car,0
2025-09-11,15:00,Central Business District,Thursday,1121,34.9,Clear,32.1,0.0,Bus,0
2025-09-11,15:00,Highway Junction,Thursday,1751,56.0,Clear,32.1,0.0,Two-Wheeler,0
2025-09-11,15:00,Railway Station Road,Thursday,870,33.5,Clear,32.1,0.0,Two-Wheeler,0
2025-09-11,15:00,Residential Ring Road,Thursday,382,44.7,Clear,32.1,0.0,Two-Wheeler,0
2025-09-11,15:00,University Avenue,Thursday,1077,32.9,Clear,32.1,0.0,Two-Wheeler,0
2025-09-11,16:00,Central Business District,Thursday,1774,31.2,Clear,30.1,0.0,Two-Wheeler,0
2025-09-11,16:00,Highway Junction,Thursday,2058,50.6,Clear,30.1,0.0,Two-Wheeler,0
2025-09-11,16:00,Railway Station Road,Thursday,874,34.0,Clear,30.1,0.0,Two-Wheeler,0
2025-09-11,16:00,Residential Ring Road,Thursday,321,47.2,Clear,30.1,0.0,Two-Wheeler,1
2025-09-11,16:00,University Avenue,Thursday,1312,27.2,Clear,30.1,0.0,Car,0
2025-09-11,17:00,Central Business District,Thursday,1980,27.0,Clear,30.8,0.0,Car,0
2025-09-11,17:00,Highway Junction,Thursday,2497,40.4,Clear,30.8,0.0,Two-Wheeler,0
2025-09-11,17:00,Railway Station Road,Thursday,1363,30.4,Clear,30.8,0.0,Car,0
2025-09-11,17:00,Residential Ring Road,Thursday,544,41.7,Clear,30.8,0.0,Two-Wheeler,0
2025-09-11,17:00,University Avenue,Thursday,1220,31.9,Clear,30.8,0.0,Car,0
2025-09-11,18:00,Central Business District,Thursday,2213,26.0,Clear,29.2,0.0,Car,0
2025-09-11,18:00,Highway Junction,Thursday,2036,50.3,Clear,29.2,0.0,Bus,0
2025-09-11,18:00,Railway Station Road,Thursday,1739,25.8,Clear,29.2,0.0,Two-Wheeler,0
2025-09-11,18:00,Residential Ring Road,Thursday,688,40.1,Clear,29.2,0.0,Car,0
2025-09-11,18:00,University Avenue,Thursday,885,40.7,Clear,29.2,0.0,Car,0
2025-09-11,19:00,Central Business District,Thursday,1667,31.7,Clear,28.8,0.0,Two-Wheeler,0
2025-09-11,19:00,Highway Junction,Thursday,1513,58.2,Clear,28.8,0.0,Two-Wheeler,0
2025-09-11,19:00,Railway Station Road,Thursday,1869,22.6,Clear,28.8,0.0,Bus,0
2025-09-11,19:00,Residential Ring Road,Thursday,689,40.0,Clear,28.8,0.0,Car,0
2025-09-11,19:00,University Avenue,Thursday,460,46.4,Clear,28.8,0.0,Car,0
2025-09-11,20:00,Central Business District,Thursday,1106,38.6,Clear,29.4,0.0,Bus,0
2025-09-11,20:00,Highway Junction,Thursday,803,68.4,Clear,29.4,0.0,Truck,0
2025-09-11,20:00,Railway Station Road,Thursday,1111,28.9,Clear,29.4,0.0,Car,0
2025-09-11,20:00,Residential Ring Road,Thursday,559,43.5,Clear,29.4,0.0,Two-Wheeler,0
2025-09-11,20:00,University Avenue,Thursday,227,52.3,Clear,29.4,0.0,Car,0
2025-09-11,21:00,Central Business District,Thursday,637,42.6,Clear,27.5,0.0,Two-Wheeler,0
2025-09-11,21:00,Highway Junction,Thursday,400,66.5,Clear,27.5,0.0,Car,0
2025-09-11,21:00,Railway Station Road,Thursday,603,,Clear,27.5,0.0,Car,0
2025-09-11,21:00,Residential Ring Road,Thursday,381,47.0,Clear,27.5,0.0,Two-Wheeler,0
2025-09-11,21:00,University Avenue,Thursday,124,48.8,Clear,27.5,0.0,Two-Wheeler,0
2025-09-11,22:00,Central Business District,Thursday,267,43.8,Clear,25.3,0.0,Two-Wheeler,0
2025-09-11,22:00,Highway Junction,Thursday,233,68.3,Clear,25.3,0.0,Truck,0
2025-09-11,22:00,Railway Station Road,Thursday,289,36.4,Clear,25.3,0.0,Two-Wheeler,0
2025-09-11,22:00,Residential Ring Road,Thursday,194,46.8,Clear,25.3,0.0,Auto Rickshaw,0
2025-09-11,22:00,University Avenue,Thursday,85,50.8,Clear,25.3,0.0,Car,0
2025-09-11,23:00,Central Business District,Thursday,179,43.1,Clear,23.9,0.0,Car,0
2025-09-11,23:00,Highway Junction,Thursday,197,69.5,Clear,23.9,0.0,Bus,0
2025-09-11,23:00,Railway Station Road,Thursday,157,39.1,Clear,23.9,0.0,Bus,0
2025-09-11,23:00,Residential Ring Road,Thursday,107,46.5,Clear,23.9,0.0,Truck,0
2025-09-11,23:00,University Avenue,Thursday,100,51.1,Clear,23.9,0.0,Car,0
2025-09-12,00:00,Central Business District,Friday,150,44.7,Cloudy,22.8,0.0,Truck,0
2025-09-12,00:00,Highway Junction,Friday,174,72.3,Cloudy,22.8,0.0,Truck,0
2025-09-12,00:00,Railway Station Road,Friday,129,42.2,Cloudy,22.8,0.0,Two-Wheeler,0
2025-09-12,00:00,Residential Ring Road,Friday,66,54.6,Cloudy,22.8,0.0,Truck,0
2025-09-12,00:00,University Avenue,Friday,86,50.7,Cloudy,22.8,0.0,Bus,0
2025-09-12,01:00,Central Business District,Friday,130,47.0,Cloudy,22.6,0.0,Truck,0
2025-09-12,01:00,Highway Junction,Friday,183,73.5,Cloudy,22.6,0.0,Two-Wheeler,0
2025-09-12,01:00,Railway Station Road,Friday,130,42.1,Cloudy,22.6,0.0,Truck,0
2025-09-12,01:00,Residential Ring Road,Friday,69,53.1,Cloudy,22.6,0.0,Two-Wheeler,0
2025-09-12,01:00,University Avenue,Friday,88,49.6,Cloudy,22.6,0.0,Truck,0
2025-09-12,02:00,Central Business District,Friday,155,44.8,Cloudy,22.9,0.0,Car,0
2025-09-12,02:00,Highway Junction,Friday,176,69.7,Cloudy,22.9,0.0,Bus,0
2025-09-12,02:00,Railway Station Road,Friday,134,40.6,Cloudy,22.9,0.0,Two-Wheeler,0
2025-09-12,02:00,Residential Ring Road,Friday,72,52.9,Cloudy,22.9,0.0,Two-Wheeler,0
2025-09-12,02:00,University Avenue,Friday,87,49.4,Cloudy,22.9,0.0,Two-Wheeler,0
2025-09-12,03:00,Central Business District,Friday,142,45.8,Cloudy,23.4,0.0,Truck,0
2025-09-12,03:00,Highway Junction,Friday,169,69.4,Cloudy,23.4,0.0,Two-Wheeler,0
2025-09-12,03:00,Railway Station Road,Friday,122,40.7,Cloudy,23.4,0.0,Car,0
2025-09-12,03:00,Residential Ring Road,Friday,68,50.8,Cloudy,23.4,0.0,Bus,0
2025-09-12,03:00,University Avenue,Friday,101,55.0,Cloudy,23.4,0.0,Car,0
2025-09-12,04:00,Central Business District,Friday,148,41.6,Cloudy,23.1,0.0,Truck,0
2025-09-12,04:00,Highway Junction,Friday,177,71.3,Cloudy,23.1,0.0,Two-Wheeler,0
2025-09-12,04:00,Railway Station Road,Friday,143,40.2,Cloudy,23.1,0.0,Two-Wheeler,0
2025-09-12,04:00,Residential Ring Road,Friday,105,44.9,Cloudy,23.1,0.0,Car,0
2025-09-12,04:00,University Avenue,Friday,83,51.1,Cloudy,23.1,0.0,Car,0
2025-09-12,05:00,Central Business District,Friday,166,45.5,Cloudy,21.3,0.0,Two-Wheeler,0
2025-09-12,05:00,Highway Junction,Friday,378,71.1,Cloudy,21.3,0.0,Car,0
2025-09-12,05:00,Railway Station Road,Friday,222,40.9,Cloudy,21.3,0.0,Truck,0
2025-09-12,05:00,Residential Ring Road,Friday,171,51.7,Cloudy,21.3,0.0,Truck,0
2025-09-12,05:00,University Avenue,Friday,103,46.8,Cloudy,21.3,0.0,Two-Wheeler,0
2025-09-12,06:00,Central Business District,Friday,288,41.1,Rain,21.4,5.7,Two-Wheeler,0
2025-09-12,06:00,Highway Junction,Friday,799,56.2,Rain,21.4,5.7,Car,0
2025-09-12,06:00,Railway Station Road,Friday,560,33.6,Rain,21.4,5.7,Two-Wheeler,0
2025-09-12,06:00,Residential Ring Road,Friday,361,42.9,Rain,21.4,5.7,Two-Wheeler,0
2025-09-12,06:00,University Avenue,Friday,162,48.9,Rain,21.4,5.7,Two-Wheeler,0
2025-09-12,07:00,Central Business District,Friday,793,37.8,Rain,23.5,7.6,Two-Wheeler,0
2025-09-12,07:00,Highway Junction,Friday,1633,45.3,Rain,23.5,7.6,Car,0
2025-09-12,07:00,Railway Station Road,Friday,1089,29.7,Rain,23.5,7.6,Car,0
2025-09-12,07:00,Residential Ring Road,Friday,559,37.1,Rain,23.5,7.6,Two-Wheeler,0
2025-09-12,07:00,University Avenue,Friday,376,43.3,Rain,23.5,7.6,Two-Wheeler,0
2025-09-12,08:00,Central Business District,Friday,1701,30.8,Rain,22.9,6.2,Truck,0
2025-09-12,08:00,Highway Junction,Friday,1963,49.1,Rain,22.9,6.2,Two-Wheeler,1
2025-09-12,08:00,Railway Station Road,Friday,1548,26.4,Rain,22.9,6.2,Car,0
2025-09-12,08:00,Residential Ring Road,Friday,636,38.1,Rain,22.9,6.2,Two-Wheeler,1
2025-09-12,08:00,University Avenue,Friday,877,36.0,Rain,22.9,6.2,Car,0
2025-09-12,09:00,Central Business District,Friday,2538,19.8,Rain,23.2,2.8,Car,0
2025-09-12,09:00,Highway Junction,Friday,2028,48.9,Rain,23.2,2.8,Car,0
2025-09-12,09:00,Railway Station Road,Friday,1424,28.2,Rain,23.2,2.8,Car,0
2025-09-12,09:00,Residential Ring Road,Friday,532,40.2,Rain,23.2,2.8,Two-Wheeler,0
2025-09-12,09:00,University Avenue,Friday,1461,24.3,Rain,23.2,2.8,Car,0
2025-09-12,10:00,Central Business District,Friday,1821,33.1,Rain,26.0,2.6,Car,0
2025-09-12,10:00,Highway Junction,Friday,1318,59.4,Rain,26.0,2.6,Two-Wheeler,0
2025-09-12,10:00,Railway Station Road,Friday,983,33.6,Rain,26.0,2.6,Car,0
2025-09-12,10:00,Residential Ring Road,Friday,379,45.3,Rain,26.0,2.6,Two-Wheeler,0
2025-09-12,10:00,University Avenue,Friday,1089,35.7,Rain,26.0,2.6,Bus,0
2025-09-12,11:00,Central Business District,Friday,1268,34.0,Cloudy,29.9,0.0,Two-Wheeler,0
2025-09-12,11:00,Highway Junction,Friday,1133,60.2,Cloudy,29.9,0.0,Two-Wheeler,0
2025-09-12,11:00,Highway Junction,Friday,1133,60.2,Cloudy,29.9,0.0,Two-Wheeler,0
2025-09-12,11:00,Railway Station Road,Friday,757,30.5,Cloudy,29.9,0.0,Two-Wheeler,0
2025-09-12,11:00,Residential Ring Road,Friday,392,46.5,Cloudy,29.9,0.0,Car,0
2025-09-12,11:00,University Avenue,Friday,929,35.1,Cloudy,29.9,0.0,Car,0
2025-09-12,12:00,Central Business District,Friday,1063,36.1,Cloudy,29.7,0.0,Bus,0
2025-09-12,12:00,Highway Junction,Friday,1117,66.1,Cloudy,29.7,0.0,Truck,0
2025-09-12,12:00,Railway Station Road,Friday,796,37.3,Cloudy,29.7,0.0,Auto Rickshaw,0
2025-09-12,12:00,Residential Ring Road,Friday,410,49.6,Cloudy,29.7,0.0,Two-Wheeler,0
2025-09-12,12:00,University Avenue,Friday,717,42.0,Cloudy,29.7,0.0,Two-Wheeler,0
2025-09-12,13:00,Central Business District,Friday,981,39.0,Cloudy,31.5,0.0,Car,0
2025-09-12,13:00,Highway Junction,Friday,1340,59.5,Cloudy,31.5,0.0,Car,0
2025-09-12,13:00,Railway Station Road,Friday,832,37.8,Cloudy,31.5,0.0,Bus,0
2025-09-12,13:00,Residential Ring Road,Friday,465,44.5,Cloudy,31.5,0.0,Two-Wheeler,0
2025-09-12,13:00,University Avenue,Friday,701,41.5,Cloudy,31.5,0.0,Two-Wheeler,0
2025-09-12,14:00,Central Business District,Friday,1009,38.9,Cloudy,32.2,0.0,Two-Wheeler,0
2025-09-12,14:00,Highway Junction,Friday,1390,63.4,Cloudy,32.2,0.0,Bus,0
2025-09-12,14:00,Railway Station Road,Friday,722,37.4,Cloudy,32.2,0.0,Auto Rickshaw,0
2025-09-12,14:00,Residential Ring Road,Friday,410,43.7,Cloudy,32.2,0.0,Auto Rickshaw,0
2025-09-12,14:00,University Avenue,Friday,777,40.7,Cloudy,32.2,0.0,Truck,0
2025-09-12,15:00,Central Business District,Friday,1271,35.3,Cloudy,31.7,0.0,Two-Wheeler,0
2025-09-12,15:00,Highway Junction,Friday,1599,55.9,Cloudy,31.7,0.0,Car,0
2025-09-12,15:00,Railway Station Road,Friday,808,38.7,Cloudy,31.7,0.0,Car,0
2025-09-12,15:00,Residential Ring Road,Friday,411,39.3,Cloudy,31.7,0.0,Bus,0
2025-09-12,15:00,University Avenue,Friday,1117,31.9,Cloudy,31.7,0.0,Car,1
2025-09-12,16:00,Central Business District,Friday,1669,28.3,Cloudy,31.5,0.0,Bus,0
2025-09-12,16:00,Highway Junction,Friday,2002,52.8,Cloudy,31.5,0.0,Two-Wheeler,0
2025-09-12,16:00,Railway Station Road,Friday,1121,32.3,Cloudy,31.5,0.0,Two-Wheeler,0
2025-09-12,16:00,Residential Ring Road,Friday,429,41.4,Cloudy,31.5,0.0,Truck,0
2025-09-12,16:00,University Avenue,Friday,1242,31.0,Cloudy,31.5,0.0,Car,0
2025-09-12,17:00,Central Business District,Friday,2233,23.9,Cloudy,31.1,0.0,Auto Rickshaw,0
2025-09-12,17:00,Highway Junction,Friday,2186,48.5,Cloudy,31.1,0.0,Two-Wheeler,0
2025-09-12,17:00,Railway Station Road,Friday,1229,30.1,Cloudy,31.1,0.0,Car,0
2025-09-12,17:00,Residential Ring Road,Friday,500,42.3,Cloudy,31.1,0.0,Bus,0
2025-09-12,17:00,University Avenue,Friday,1281,31.1,Cloudy,31.1,0.0,Two-Wheeler,0
2025-09-12,18:00,Central Business District,Friday,2367,20.8,Cloudy,29.5,0.0,Car,0
2025-09-12,18:00,Highway Junction,Friday,2283,45.3,Cloudy,29.5,0.0,Car,0
2025-09-12,18:00,Railway Station Road,Friday,1578,28.3,Cloudy,29.5,0.0,Two-Wheeler,0
2025-09-12,18:00,Residential Ring Road,Friday,637,40.8,Cloudy,29.5,0.0,Two-Wheeler,0
2025-09-12,18:00,University Avenue,Friday,900,38.0,Cloudy,29.5,0.0,Two-Wheeler,0
2025-09-12,19:00,Central Business District,Friday,1765,32.6,Cloudy,29.1,0.0,Two-Wheeler,0
2025-09-12,19:00,Highway Junction,Friday,1418,58.1,Cloudy,29.1,0.0,Two-Wheeler,0
2025-09-12,19:00,Railway Station Road,Friday,1580,27.6,Cloudy,29.1,0.0,Car,0
2025-09-12,19:00,Residential Ring Road,Friday,669,40.8,Cloudy,29.1,0.0,Auto Rickshaw,0
2025-09-12,19:00,University Avenue,Friday,466,45.6,Cloudy,29.1,0.0,Car,0
2025-09-12,20:00,Central Business District,Friday,1034,38.0,Cloudy,28.0,0.0,Two-Wheeler,0
2025-09-12,20:00,Highway Junction,Friday,782,63.8,Cloudy,28.0,0.0,Car,0
2025-09-12,20:00,Railway Station Road,Friday,1112,33.4,Cloudy,28.0,0.0,Car,0
2025-09-12,20:00,Residential Ring Road,Friday,564,39.9,Cloudy,28.0,0.0,Two-Wheeler,0
2025-09-12,20:00,University Avenue,Friday,232,50.6,Cloudy,28.0,0.0,Truck,0
2025-09-12,21:00,Central Business District,Friday,560,45.0,Cloudy,27.3,0.0,Two-Wheeler,0
2025-09-12,21:00,Highway Junction,Friday,445,64.0,Cloudy,27.3,0.0,Bus,0
2025-09-12,21:00,Railway Station Road,Friday,639,32.6,Cloudy,27.3,0.0,Car,0
2025-09-12,21:00,Residential Ring Road,Friday,382,42.9,Cloudy,27.3,0.0,Car,0
2025-09-12,21:00,University Avenue,Friday,126,49.3,Cloudy,27.3,0.0,Bus,0
2025-09-12,22:00,Central Business District,Friday,286,42.3,Cloudy,26.6,0.0,Car,0
2025-09-12,22:00,Highway Junction,Friday,256,68.2,Cloudy,26.6,0.0,Truck,0
2025-09-12,22:00,Railway Station Road,Friday,286,42.1,Cloudy,26.6,0.0,Truck,0
2025-09-12,22:00,Residential Ring Road,Friday,188,46.3,Cloudy,26.6,0.0,Car,0
2025-09-12,22:00,University Avenue,Friday,89,46.0,Cloudy,26.6,0.0,Bus,0
2025-09-12,23:00,Central Business District,Friday,150,48.9,Cloudy,23.9,0.0,Car,0
2025-09-12,23:00,Highway Junction,Friday,189,68.5,Cloudy,23.9,0.0,Truck,0
2025-09-12,23:00,Railway Station Road,Friday,179,36.7,Cloudy,23.9,0.0,Two-Wheeler,0
2025-09-12,23:00,Residential Ring Road,Friday,93,49.0,Cloudy,23.9,0.0,Truck,0
2025-09-12,23:00,University Avenue,Friday,91,50.8,Cloudy,23.9,0.0,Car,0
2025-09-13,00:00,Central Business District,Saturday,125,49.9,Cloudy,25.0,0.0,Truck,0
2025-09-13,00:00,Highway Junction,Saturday,237,66.7,Cloudy,25.0,0.0,Truck,0
2025-09-13,00:00,Railway Station Road,Saturday,146,40.2,Cloudy,25.0,0.0,Two-Wheeler,0
2025-09-13,00:00,Residential Ring Road,Saturday,78,47.9,Cloudy,25.0,0.0,Two-Wheeler,0
2025-09-13,00:00,University Avenue,Saturday,56,46.3,Cloudy,25.0,0.0,Truck,0
2025-09-13,01:00,Central Business District,Saturday,116,47.2,Cloudy,22.5,0.0,Two-Wheeler,0
2025-09-13,01:00,Highway Junction,Saturday,247,70.8,Cloudy,22.5,0.0,Car,0
2025-09-13,01:00,Railway Station Road,Saturday,144,39.7,Cloudy,22.5,0.0,Bus,0
2025-09-13,01:00,Residential Ring Road,Saturday,87,53.2,Cloudy,22.5,0.0,Bus,0
2025-09-13,01:00,University Avenue,Saturday,67,48.7,Cloudy,22.5,0.0,Car,0
2025-09-13,02:00,Central Business District,Saturday,123,44.1,Cloudy,22.0,0.0,Two-Wheeler,1
2025-09-13,02:00,Highway Junction,Saturday,251,70.0,Cloudy,22.0,0.0,Truck,0
2025-09-13,02:00,Railway Station Road,Saturday,159,40.9,Cloudy,22.0,0.0,Truck,0
2025-09-13,02:00,Residential Ring Road,Saturday,77,51.1,Cloudy,22.0,0.0,Car,0
2025-09-13,02:00,University Avenue,Saturday,60,48.5,Cloudy,22.0,0.0,Car,0
2025-09-13,03:00,Central Business District,Saturday,156,47.7,Cloudy,22.7,0.0,Two-Wheeler,0
2025-09-13,03:00,Highway Junction,Saturday,232,67.3,Cloudy,22.7,0.0,Truck,0
2025-09-13,03:00,Railway Station Road,Saturday,154,39.5,Cloudy,22.7,0.0,Two-Wheeler,0
2025-09-13,03:00,Residential Ring Road,Saturday,82,49.6,Cloudy,22.7,0.0,Truck,0
2025-09-13,03:00,University Avenue,Saturday,63,53.7,Cloudy,22.7,0.0,Car,0
2025-09-13,04:00,Central Business District,Saturday,159,43.8,Cloudy,23.3,0.0,Truck,0
2025-09-13,04:00,Highway Junction,Saturday,279,73.0,Cloudy,23.3,0.0,Two-Wheeler,0
2025-09-13,04:00,Railway Station Road,Saturday,159,43.2,Cloudy,23.3,0.0,Auto Rickshaw,0
2025-09-13,04:00,Residential Ring Road,Saturday,102,44.1,Cloudy,23.3,0.0,Car,0
2025-09-13,04:00,University Avenue,Saturday,68,46.6,Cloudy,23.3,0.0,Truck,0
2025-09-13,05:00,Central Business District,Saturday,198,46.5,Cloudy,23.1,0.0,Auto Rickshaw,0
2025-09-13,05:00,Highway Junction,Saturday,339,70.7,Cloudy,23.1,0.0,Truck,0
2025-09-13,05:00,Railway Station Road,Saturday,176,42.1,Cloudy,23.1,0.0,Two-Wheeler,0
2025-09-13,05:00,Residential Ring Road,Saturday,128,50.4,Cloudy,23.1,0.0,Truck,0
2025-09-13,05:00,University Avenue,Saturday,84,49.3,Cloudy,23.1,0.0,Car,0
2025-09-13,06:00,Central Business District,Saturday,224,44.5,Cloudy,24.9,0.0,Auto Rickshaw,0
2025-09-13,06:00,Highway Junction,Saturday,404,68.8,Cloudy,24.9,0.0,Car,0
2025-09-13,06:00,Railway Station Road,Saturday,250,38.4,Cloudy,24.9,0.0,Two-Wheeler,0
2025-09-13,06:00,Residential Ring Road,Saturday,156,51.4,Cloudy,24.9,0.0,Car,0
2025-09-13,06:00,University Avenue,Saturday,108,49.0,Cloudy,24.9,0.0,Two-Wheeler,0
2025-09-13,07:00,Central Business District,Saturday,314,44.3,Cloudy,25.4,0.0,Bus,0
2025-09-13,07:00,Highway Junction,Saturday,526,67.7,Cloudy,25.4,0.0,Two-Wheeler,0
2025-09-13,07:00,Railway Station Road,Saturday,334,44.0,Cloudy,25.4,0.0,Bus,0
2025-09-13,07:00,Residential Ring Road,Saturday,190,48.0,Cloudy,25.4,0.0,Car,0
2025-09-13,07:00,University Avenue,Saturday,142,49.7,Cloudy,25.4,0.0,Two-Wheeler,0
2025-09-13,08:00,Central Business District,Saturday,449,44.7,Cloudy,26.5,0.0,Car,0
2025-09-13,08:00,Highway Junction,Saturday,650,66.8,Cloudy,26.5,0.0,Bus,0
2025-09-13,08:00,Railway Station Road,Saturday,441,36.6,Cloudy,26.5,0.0,Bus,0
2025-09-13,08:00,Residential Ring Road,Saturday,302,49.2,Cloudy,26.5,0.0,Two-Wheeler,0
2025-09-13,08:00,University Avenue,Saturday,181,46.9,Cloudy,26.5,0.0,Two-Wheeler,0
2025-09-13,09:00,Central Business District,Saturday,549,43.1,Cloudy,27.4,0.0,Car,0
2025-09-13,09:00,Highway Junction,Saturday,881,62.6,Cloudy,27.4,0.0,Auto Rickshaw,0
2025-09-13,09:00,Railway Station Road,Saturday,582,35.8,Cloudy,27.4,0.0,Two-Wheeler,0
2025-09-13,09:00,Residential Ring Road,Saturday,343,48.1,Cloudy,27.4,0.0,Car,0
2025-09-13,09:00,University Avenue,Saturday,232,49.5,Cloudy,27.4,0.0,Car,0
2025-09-13,10:00,Central Business District,Saturday,681,42.3,Cloudy,30.0,0.0,Car,0
2025-09-13,10:00,Highway Junction,Saturday,1351,57.6,Cloudy,30.0,0.0,Two-Wheeler,0
2025-09-13,10:00,Railway Station Road,Saturday,745,38.3,Cloudy,30.0,0.0,Car,0
2025-09-13,10:00,Residential Ring Road,Saturday,414,41.5,Cloudy,30.0,0.0,Two-Wheeler,0
2025-09-13,10:00,University Avenue,Saturday,299,50.4,Cloudy,30.0,0.0,Auto Rickshaw,0
2025-09-13,11:00,Central Business District,Saturday,835,39.9,Cloudy,29.1,0.0,Car,0
2025-09-13,11:00,Highway Junction,Saturday,1461,59.9,Cloudy,29.1,0.0,Two-Wheeler,0
2025-09-13,11:00,Railway Station Road,Saturday,970,27.9,Cloudy,29.1,0.0,Car,0
2025-09-13,11:00,Residential Ring Road,Saturday,497,42.8,Cloudy,29.1,0.0,Bus,0
2025-09-13,11:00,University Avenue,Saturday,337,47.1,Cloudy,29.1,0.0,Two-Wheeler,0
2025-09-13,12:00,Central Business District,Saturday,841,43.2,Cloudy,28.6,0.0,Two-Wheeler,0
2025-09-13,12:00,Highway Junction,Saturday,1620,57.7,Cloudy,28.6,0.0,Car,0
2025-09-13,12:00,Railway Station Road,Saturday,899,33.5,Cloudy,28.6,0.0,Bus,0
2025-09-13,12:00,Residential Ring Road,Saturday,583,36.8,Cloudy,28.6,0.0,Two-Wheeler,0
2025-09-13,12:00,University Avenue,Saturday,444,49.3,Cloudy,28.6,0.0,Two-Wheeler,0
2025-09-13,13:00,Central Business District,Saturday,948,39.5,Cloudy,32.2,0.0,Two-Wheeler,0
2025-09-13,13:00,Highway Junction,Saturday,1666,55.5,Cloudy,32.2,0.0,Bus,0
2025-09-13,13:00,Railway Station Road,Saturday,1044,31.4,Cloudy,32.2,0.0,Two-Wheeler,0
2025-09-13,13:00,Residential Ring Road,Saturday,653,40.6,Cloudy,32.2,0.0,Two-Wheeler,0
2025-09-13,13:00,University Avenue,Saturday,487,47.3,Cloudy,32.2,0.0,Truck,0
2025-09-13,14:00,Central Business District,Saturday,-1,41.1,Cloudy,31.0,0.0,Car,0
2025-09-13,14:00,Highway Junction,Saturday,1835,53.7,Cloudy,31.0,0.0,Car,0
2025-09-13,14:00,Railway Station Road,Saturday,1039,34.0,Cloudy,31.0,0.0,Two-Wheeler,0
2025-09-13,14:00,Residential Ring Road,Saturday,585,40.3,Cloudy,31.0,0.0,Two-Wheeler,0
2025-09-13,14:00,University Avenue,Saturday,408,46.7,Cloudy,31.0,0.0,Car,0
2025-09-13,15:00,Central Business District,Saturday,1115,39.0,Cloudy,31.6,0.0,Car,0
2025-09-13,15:00,Highway Junction,Saturday,1776,54.1,Cloudy,31.6,0.0,Car,0
2025-09-13,15:00,Railway Station Road,Saturday,1085,31.8,Cloudy,31.6,0.0,Car,0
2025-09-13,15:00,Residential Ring Road,Saturday,644,40.5,Cloudy,31.6,0.0,Two-Wheeler,0
2025-09-13,15:00,University Avenue,Saturday,452,45.5,Cloudy,31.6,0.0,Car,0
2025-09-13,16:00,Central Business District,Saturday,913,38.0,Cloudy,32.4,0.0,Car,0
2025-09-13,16:00,Highway Junction,Saturday,1834,56.3,Cloudy,32.4,0.0,Two-Wheeler,0
2025-09-13,16:00,Railway Station Road,Saturday,999,33.4,Cloudy,32.4,0.0,Two-Wheeler,0
2025-09-13,16:00,Residential Ring Road,Saturday,664,34.9,Cloudy,32.4,0.0,Car,0
2025-09-13,16:00,University Avenue,Saturday,471,45.0,Cloudy,32.4,0.0,Car,0
2025-09-13,17:00,Central Business District,Saturday,798,40.8,Cloudy,29.6,0.0,Two-Wheeler,0
2025-09-13,17:00,Highway Junction,Saturday,1729,54.8,Cloudy,29.6,0.0,Two-Wheeler,0
2025-09-13,17:00,Railway Station Road,Saturday,1041,34.4,Cloudy,29.6,0.0,Auto Rickshaw,0
2025-09-13,17:00,Residential Ring Road,Saturday,709,38.4,Cloudy,29.6,0.0,Car,0
2025-09-13,17:00,University Avenue,Saturday,446,47.3,Cloudy,29.6,0.0,Two-Wheeler,1
2025-09-13,18:00,Central Business District,Saturday,936,39.3,Cloudy,29.2,0.0,Two-Wheeler,0
2025-09-13,18:00,Highway Junction,Saturday,1673,55.3,Cloudy,29.2,0.0,Car,0
2025-09-13,18:00,Railway Station Road,Saturday,991,36.3,Cloudy,,0.0,Two-Wheeler,0
2025-09-13,18:00,Residential Ring Road,Saturday,668,36.8,Cloudy,29.2,0.0,Two-Wheeler,0
2025-09-13,18:00,University Avenue,Saturday,465,43.6,Cloudy,29.2,0.0,Car,0
2025-09-13,19:00,Central Business District,Saturday,1019,37.1,Cloudy,28.0,0.0,Two-Wheeler,0
2025-09-13,19:00,Highway Junction,Saturday,1575,56.3,Cloudy,28.0,0.0,Car,0
2025-09-13,19:00,Railway Station Road,Saturday,987,34.9,Cloudy,28.0,0.0,Two-Wheeler,0
2025-09-13,19:00,Residential Ring Road,Saturday,589,43.6,Cloudy,28.0,0.0,Two-Wheeler,0
2025-09-13,19:00,University Avenue,Saturday,414,47.1,Cloudy,28.0,0.0,Truck,0
2025-09-13,20:00,Central Business District,Saturday,717,42.6,Cloudy,27.5,0.0,Truck,0
2025-09-13,20:00,Highway Junction,Saturday,1554,61.0,Cloudy,27.5,0.0,Auto Rickshaw,0
2025-09-13,20:00,Railway Station Road,Saturday,865,38.3,Cloudy,27.5,0.0,Two-Wheeler,0
2025-09-13,20:00,Residential Ring Road,Saturday,478,40.5,Cloudy,27.5,0.0,Car,0
2025-09-13,20:00,University Avenue,Saturday,368,46.6,Cloudy,27.5,0.0,Car,0
2025-09-13,21:00,Central Business District,Saturday,690,42.9,Cloudy,27.4,0.0,Two-Wheeler,0
2025-09-13,21:00,Highway Junction,Saturday,1208,60.7,Cloudy,27.4,0.0,Two-Wheeler,0
2025-09-13,21:00,Railway Station Road,Saturday,724,35.9,Cloudy,27.4,0.0,Two-Wheeler,0
2025-09-13,21:00,Residential Ring Road,Saturday,450,45.6,Cloudy,27.4,0.0,Car,0
2025-09-13,21:00,University Avenue,Saturday,289,46.6,Cloudy,27.4,0.0,Two-Wheeler,0
2025-09-13,22:00,Central Business District,Saturday,493,42.5,Cloudy,26.3,0.0,Two-Wheeler,0
2025-09-13,22:00,Highway Junction,Saturday,906,63.2,Cloudy,26.3,0.0,Truck,0
2025-09-13,22:00,Railway Station Road,Saturday,496,41.3,Cloudy,26.3,0.0,Bus,0
2025-09-13,22:00,Residential Ring Road,Saturday,-1,48.7,Cloudy,26.3,0.0,Truck,0
2025-09-13,22:00,University Avenue,Saturday,242,48.7,Cloudy,26.3,0.0,Truck,0
2025-09-13,23:00,Central Business District,Saturday,340,43.3,Cloudy,25.0,0.0,Car,0
2025-09-13,23:00,Highway Junction,Saturday,553,71.4,Cloudy,25.0,0.0,Truck,0
2025-09-13,23:00,Railway Station Road,Saturday,324,36.0,Cloudy,25.0,0.0,Truck,0
2025-09-13,23:00,Residential Ring Road,Saturday,177,51.7,Cloudy,25.0,0.0,Truck,0
2025-09-13,23:00,University Avenue,Saturday,139,50.1,Cloudy,25.0,0.0,Bus,0
2025-09-14,00:00,Central Business District,Sunday,122,46.0,Cloudy,22.0,0.0,Truck,0
2025-09-14,00:00,Highway Junction,Sunday,234,69.5,Cloudy,22.0,0.0,Two-Wheeler,0
2025-09-14,00:00,Railway Station Road,Sunday,147,38.2,Cloudy,22.0,0.0,Car,0
2025-09-14,00:00,Residential Ring Road,Sunday,80,48.4,Cloudy,22.0,0.0,Truck,0
2025-09-14,00:00,University Avenue,Sunday,59,48.9,Cloudy,22.0,0.0,Truck,0
2025-09-14,01:00,Central Business District,Sunday,146,46.9,Cloudy,23.1,0.0,Truck,0
2025-09-14,01:00,Highway Junction,Sunday,240,69.4,Cloudy,23.1,0.0,Two-Wheeler,0
2025-09-14,01:00,Railway Station Road,Sunday,120,34.7,Cloudy,23.1,0.0,Truck,0
2025-09-14,01:00,Residential Ring Road,Sunday,89,49.3,Cloudy,23.1,0.0,Car,0
2025-09-14,01:00,University Avenue,Sunday,57,50.3,Cloudy,23.1,0.0,Truck,0
2025-09-14,02:00,Central Business District,Sunday,134,44.7,Cloudy,22.3,0.0,Two-Wheeler,0
2025-09-14,02:00,Highway Junction,Sunday,232,69.4,Cloudy,22.3,0.0,Car,0
2025-09-14,02:00,Railway Station Road,Sunday,139,34.4,Cloudy,22.3,0.0,Car,0
2025-09-14,02:00,Residential Ring Road,Sunday,97,50.4,Cloudy,22.3,0.0,Two-Wheeler,0
2025-09-14,02:00,University Avenue,Sunday,65,53.6,Cloudy,22.3,0.0,Truck,0
2025-09-14,03:00,Central Business District,Sunday,150,44.9,Cloudy,22.9,0.0,Truck,0
2025-09-14,03:00,Highway Junction,Sunday,233,70.9,Cloudy,22.9,0.0,Car,0
2025-09-14,03:00,Railway Station Road,Sunday,144,40.0,Cloudy,22.9,0.0,Auto Rickshaw,0
2025-09-14,03:00,Residential Ring Road,Sunday,87,49.8,Cloudy,22.9,0.0,Two-Wheeler,0
2025-09-14,03:00,University Avenue,Sunday,62,52.2,Cloudy,22.9,0.0,Car,0
2025-09-14,04:00,Central Business District,Sunday,159,43.9,Cloudy,23.2,0.0,Two-Wheeler,0
2025-09-14,04:00,Highway Junction,Sunday,280,67.5,Cloudy,23.2,0.0,Bus,0
2025-09-14,04:00,Railway Station Road,Sunday,165,37.6,Cloudy,23.2,0.0,Truck,0
2025-09-14,04:00,Residential Ring Road,Sunday,89,47.5,Cloudy,23.2,0.0,Auto Rickshaw,0
2025-09-14,04:00,University Avenue,Sunday,65,49.1,Cloudy,23.2,0.0,Truck,0
2025-09-14,05:00,Central Business District,Sunday,196,43.1,Cloudy,23.2,0.0,Truck,0
2025-09-14,05:00,Highway Junction,Sunday,388,65.4,Cloudy,23.2,0.0,Truck,0
2025-09-14,05:00,Railway Station Road,Sunday,209,37.4,Cloudy,23.2,0.0,Truck,0
2025-09-14,05:00,Residential Ring Road,Sunday,112,48.7,Cloudy,23.2,0.0,Car,0
2025-09-14,05:00,University Avenue,Sunday,98,50.9,Cloudy,23.2,0.0,Car,0
2025-09-14,06:00,Central Business District,Sunday,204,44.2,Cloudy,24.4,0.0,Two-Wheeler,0
2025-09-14,06:00,Highway Junction,Sunday,429,71.3,Cloudy,24.4,0.0,Car,0
2025-09-14,06:00,Railway Station Road,Sunday,234,36.6,Cloudy,24.4,0.0,Two-Wheeler,0
2025-09-14,06:00,Residential Ring Road,Sunday,141,48.7,Cloudy,24.4,0.0,Car,0
2025-09-14,06:00,University Avenue,Sunday,107,46.8,Cloudy,24.4,0.0,Two-Wheeler,0
2025-09-14,07:00,Central Business District,Sunday,259,43.2,Cloudy,24.9,0.0,Two-Wheeler,0
2025-09-14,07:00,Highway Junction,Sunday,587,66.9,Cloudy,24.9,0.0,Two-Wheeler,0
2025-09-14,07:00,Railway Station Road,Sunday,360,42.6,Cloudy,24.9,0.0,Auto Rickshaw,0
2025-09-14,07:00,Residential Ring Road,Sunday,202,46.8,Cloudy,24.9,0.0,Two-Wheeler,0
2025-09-14,07:00,University Avenue,Sunday,147,52.8,Cloudy,24.9,0.0,Two-Wheeler,0
2025-09-14,08:00,Central Business District,Sunday,449,43.0,Cloudy,26.3,0.0,Car,0
2025-09-14,08:00,Highway Junction,Sunday,731,69.1,Cloudy,26.3,0.0,Bus,1
2025-09-14,08:00,Railway Station Road,Sunday,451,41.0,Cloudy,26.3,0.0,Car,0
2025-09-14,08:00,Residential Ring Road,Sunday,296,43.7,Cloudy,26.3,0.0,Two-Wheeler,0
2025-09-14,08:00,University Avenue,Sunday,201,49.4,Cloudy,26.3,0.0,Car,0
2025-09-14,09:00,Central Business District,Sunday,504,40.6,Cloudy,26.4,0.0,Car,0
2025-09-14,09:00,Highway Junction,Sunday,1025,65.7,Cloudy,26.4,0.0,Two-Wheeler,0
2025-09-14,09:00,Railway Station Road,Sunday,535,39.0,Cloudy,26.4,0.0,Car,0
2025-09-14,09:00,Residential Ring Road,Sunday,339,47.0,Cloudy,26.4,0.0,Truck,0
2025-09-14,09:00,University Avenue,Sunday,235,49.3,Cloudy,26.4,0.0,Car,0
2025-09-14,10:00,Central Business District,Sunday,621,41.9,Cloudy,28.0,0.0,Car,0
2025-09-14,10:00,Highway Junction,Sunday,1237,59.9,Cloudy,28.0,0.0,Bus,0
2025-09-14,10:00,Railway Station Road,Sunday,648,33.4,Cloudy,28.0,0.0,Two-Wheeler,0
2025-09-14,10:00,Residential Ring Road,Sunday,400,45.1,Cloudy,28.0,0.0,Car,0
2025-09-14,10:00,University Avenue,Sunday,276,47.1,Cloudy,28.0,0.0,Car,0
2025-09-14,11:00,Central Business District,Sunday,677,39.8,Rain,27.4,7.4,Auto Rickshaw,0
2025-09-14,11:00,Highway Junction,Sunday,1283,52.9,Rain,27.4,7.4,Two-Wheeler,0
2025-09-14,11:00,Railway Station Road,Sunday,859,32.0,Rain,27.4,7.4,Two-Wheeler,0
2025-09-14,11:00,Residential Ring Road,Sunday,495,36.4,Rain,27.4,7.4,Two-Wheeler,0
2025-09-14,11:00,University Avenue,Sunday,327,46.9,Rain,27.4,7.4,Bus,0
2025-09-14,12:00,Central Business District,Sunday,672,41.8,Rain,28.1,8.4,Two-Wheeler,0
2025-09-14,12:00,Highway Junction,Sunday,1560,47.9,Rain,28.1,8.4,Bus,0
2025-09-14,12:00,Railway Station Road,Sunday,903,32.2,Rain,28.1,8.4,Two-Wheeler,0
2025-09-14,12:00,Residential Ring Road,Sunday,563,37.1,Rain,28.1,8.4,Bus,0
2025-09-14,12:00,University Avenue,Sunday,379,45.9,Rain,28.1,8.4,Two-Wheeler,0
2025-09-14,13:00,Central Business District,Sunday,936,38.3,Rain,28.3,2.3,Bus,0
2025-09-14,13:00,Highway Junction,Sunday,1825,47.7,Rain,28.3,2.3,Two-Wheeler,0
2025-09-14,13:00,Railway Station Road,Sunday,1063,27.3,Rain,28.3,2.3,Two-Wheeler,0
2025-09-14,13:00,Residential Ring Road,Sunday,545,41.2,Rain,28.3,2.3,Two-Wheeler,0
2025-09-14,13:00,University Avenue,Sunday,426,47.2,Rain,28.3,2.3,Car,0
2025-09-14,14:00,Central Business District,Sunday,903,40.7,Rain,27.3,2.4,Two-Wheeler,0
2025-09-14,14:00,Highway Junction,Sunday,1751,55.7,Rain,27.3,2.4,Car,0
2025-09-14,14:00,Railway Station Road,Sunday,965,31.3,Rain,27.3,2.4,Car,0
2025-09-14,14:00,Residential Ring Road,Sunday,585,40.2,Rain,27.3,2.4,Car,0
2025-09-14,14:00,University Avenue,Sunday,397,42.2,Rain,27.3,2.4,Truck,0
2025-09-14,15:00,Central Business District,Sunday,980,41.5,Cloudy,30.5,0.0,Two-Wheeler,0
2025-09-14,15:00,Highway Junction,Sunday,1591,56.7,Cloudy,30.5,0.0,Auto Rickshaw,0
2025-09-14,15:00,Railway Station Road,Sunday,1078,33.0,Cloudy,30.5,0.0,Two-Wheeler,0
2025-09-14,15:00,Residential Ring Road,Sunday,596,37.5,Cloudy,30.5,0.0,Car,0
2025-09-14,15:00,University Avenue,Sunday,412,48.7,Cloudy,30.5,0.0,Two-Wheeler,0
2025-09-14,16:00,Central Business District,Sunday,846,41.3,Cloudy,30.2,0.0,Car,0
2025-09-14,16:00,Highway Junction,Sunday,1738,60.0,Cloudy,30.2,0.0,Two-Wheeler,0
2025-09-14,16:00,Railway Station Road,Sunday,1027,31.3,Cloudy,30.2,0.0,Bus,0
2025-09-14,16:00,Residential Ring Road,Sunday,776,36.1,Cloudy,30.2,0.0,Two-Wheeler,0
2025-09-14,16:00,University Avenue,Sunday,445,46.6,Cloudy,30.2,0.0,Two-Wheeler,0
2025-09-14,17:00,Central Business District,Sunday,905,41.9,Cloudy,29.0,0.0,Truck,0
2025-09-14,17:00,Highway Junction,Sunday,1920,52.8,Cloudy,29.0,0.0,Car,0
2025-09-14,17:00,Railway Station Road,Sunday,1199,32.0,Cloudy,29.0,0.0,Two-Wheeler,1
2025-09-14,17:00,Residential Ring Road,Sunday,574,40.7,Cloudy,29.0,0.0,Car,0
2025-09-14,17:00,University Avenue,Sunday,472,48.4,Cloudy,29.0,0.0,Two-Wheeler,0
2025-09-14,18:00,Central Business District,Sunday,986,39.5,Cloudy,29.6,0.0,Two-Wheeler,0
2025-09-14,18:00,Highway Junction,Sunday,1989,52.2,Cloudy,29.6,0.0,Car,0
2025-09-14,18:00,Railway Station Road,Sunday,1082,29.6,Cloudy,29.6,0.0,Two-Wheeler,0
2025-09-14,18:00,Residential Ring Road,Sunday,628,39.1,Cloudy,29.6,0.0,Car,0
2025-09-14,18:00,University Avenue,Sunday,448,45.6,Cloudy,29.6,0.0,Auto Rickshaw,0
2025-09-14,19:00,Central Business District,Sunday,926,40.4,Cloudy,29.8,0.0,Two-Wheeler,0
2025-09-14,19:00,Highway Junction,Sunday,1863,52.0,Cloudy,29.8,0.0,Two-Wheeler,0
2025-09-14,19:00,Railway Station Road,Sunday,1063,30.7,Cloudy,29.8,0.0,Truck,0
2025-09-14,19:00,Residential Ring Road,Sunday,626,41.2,Cloudy,29.8,0.0,Two-Wheeler,0
2025-09-14,19:00,University Avenue,Sunday,395,49.0,Cloudy,29.8,0.0,Car,0
2025-09-14,20:00,Central Business District,Sunday,794,40.0,Cloudy,27.9,0.0,Two-Wheeler,0
2025-09-14,20:00,Highway Junction,Sunday,1337,57.0,Cloudy,27.9,0.0,Two-Wheeler,0
2025-09-14,20:00,Railway Station Road,Sunday,927,32.6,Cloudy,27.9,0.0,Two-Wheeler,0
2025-09-14,20:00,Residential Ring Road,Sunday,483,44.4,Cloudy,27.9,0.0,Two-Wheeler,0
2025-09-14,20:00,University Avenue,Sunday,342,47.9,Cloudy,27.9,0.0,Two-Wheeler,0
2025-09-14,21:00,Central Business District,Sunday,615,40.8,Cloudy,27.2,0.0,Auto Rickshaw,0
2025-09-14,21:00,Highway Junction,Sunday,1267,64.3,Cloudy,27.2,0.0,Car,0
2025-09-14,21:00,Railway Station Road,Sunday,718,34.1,Cloudy,27.2,0.0,Car,0
2025-09-14,21:00,Residential Ring Road,Sunday,396,47.2,Cloudy,27.2,0.0,Two-Wheeler,0
2025-09-14,21:00,University Avenue,Sunday,314,45.6,Cloudy,27.2,0.0,Car,0
2025-09-14,22:00,Central Business District,Sunday,380,41.5,Cloudy,26.7,0.0,Auto Rickshaw,0
2025-09-14,22:00,Highway Junction,Sunday,822,68.8,Cloudy,26.7,0.0,Car,0
2025-09-14,22:00,Railway Station Road,Sunday,513,39.5,Cloudy,26.7,0.0,Truck,0
2025-09-14,22:00,Residential Ring Road,Sunday,270,47.4,Cloudy,26.7,0.0,Truck,0
2025-09-14,22:00,University Avenue,Sunday,203,47.0,Cloudy,26.7,0.0,Two-Wheeler,0
2025-09-14,23:00,Central Business District,Sunday,296,45.3,Cloudy,25.8,0.0,Truck,0
2025-09-14,23:00,Highway Junction,Sunday,549,71.9,Cloudy,25.8,0.0,Bus,0
2025-09-14,23:00,Railway Station Road,Sunday,354,42.4,Cloudy,25.8,0.0,Car,0
2025-09-14,23:00,Residential Ring Road,Sunday,215,46.2,Cloudy,25.8,0.0,Auto Rickshaw,0
2025-09-14,23:00,University Avenue,Sunday,150,46.4,Cloudy,25.8,0.0,Truck,0
2025-09-15,00:00,Central Business District,Monday,143,41.6,Cloudy,23.2,0.0,Truck,0
2025-09-15,00:00,Highway Junction,Monday,181,69.1,Cloudy,23.2,0.0,Bus,0
2025-09-15,00:00,Railway Station Road,Monday,132,38.5,Cloudy,23.2,0.0,Car,0
2025-09-15,00:00,Residential Ring Road,Monday,65,50.0,Cloudy,23.2,0.0,Truck,0
2025-09-15,00:00,University Avenue,Monday,84,49.4,Cloudy,23.2,0.0,Bus,0
2025-09-15,01:00,Central Business District,Monday,141,44.7,Cloudy,24.2,0.0,Two-Wheeler,0
2025-09-15,01:00,Highway Junction,Monday,178,67.2,Cloudy,24.2,0.0,Car,0
2025-09-15,01:00,Railway Station Road,Monday,104,38.4,Cloudy,24.2,0.0,Truck,0
2025-09-15,01:00,Residential Ring Road,Monday,64,44.6,Cloudy,24.2,0.0,Truck,0
2025-09-15,01:00,University Avenue,Monday,100,49.7,Cloudy,24.2,0.0,Two-Wheeler,0
2025-09-15,02:00,Central Business District,Monday,151,47.4,Cloudy,22.7,0.0,Bus,0
2025-09-15,02:00,Highway Junction,Monday,196,72.9,Cloudy,22.7,0.0,Two-Wheeler,0
2025-09-15,02:00,Railway Station Road,Monday,115,37.7,Cloudy,22.7,0.0,Bus,0
2025-09-15,02:00,Residential Ring Road,Monday,61,47.3,Cloudy,22.7,0.0,Truck,0
2025-09-15,02:00,University Avenue,Monday,106,48.9,Cloudy,22.7,0.0,Two-Wheeler,0
2025-09-15,03:00,Central Business District,Monday,144,45.9,Cloudy,21.8,0.0,Two-Wheeler,0
2025-09-15,03:00,Highway Junction,Monday,168,69.9,Cloudy,21.8,0.0,Auto Rickshaw,0
2025-09-15,03:00,Railway Station Road,Monday,118,40.8,Cloudy,21.8,0.0,Auto Rickshaw,0
2025-09-15,03:00,Residential Ring Road,Monday,70,48.6,Cloudy,21.8,0.0,Two-Wheeler,0
2025-09-15,03:00,University Avenue,Monday,89,45.5,Cloudy,21.8,0.0,Car,0
2025-09-15,04:00,Central Business District,Monday,162,44.6,Cloudy,22.2,0.0,Truck,0
2025-09-15,04:00,Highway Junction,Monday,191,67.4,Cloudy,,0.0,Car,0
2025-09-15,04:00,Railway Station Road,Monday,140,42.4,Cloudy,22.2,0.0,Truck,0
2025-09-15,04:00,Residential Ring Road,Monday,82,49.5,Cloudy,22.2,0.0,Truck,0
2025-09-15,04:00,University Avenue,Monday,96,46.9,Cloudy,22.2,0.0,Truck,0
2025-09-15,05:00,Central Business District,Monday,168,46.9,Cloudy,21.9,0.0,Truck,0
2025-09-15,05:00,Highway Junction,Monday,331,70.1,Cloudy,21.9,0.0,Truck,0
2025-09-15,05:00,Railway Station Road,Monday,240,36.5,Cloudy,21.9,0.0,Auto Rickshaw,0
2025-09-15,05:00,Residential Ring Road,Monday,169,49.1,Cloudy,21.9,0.0,Car,1
2025-09-15,05:00,University Avenue,Monday,106,48.1,Cloudy,21.9,0.0,Car,0
2025-09-15,06:00,Central Business District,Monday,381,43.2,Cloudy,23.1,0.0,Bus,0
2025-09-15,06:00,Highway Junction,Monday,774,65.3,Cloudy,23.1,0.0,Two-Wheeler,1
2025-09-15,06:00,Railway Station Road,Monday,509,38.2,Cloudy,23.1,0.0,Car,0
2025-09-15,06:00,Residential Ring Road,Monday,417,44.9,Cloudy,23.1,0.0,Car,0
2025-09-15,06:00,University Avenue,Monday,177,51.0,Cloudy,23.1,0.0,Car,1
2025-09-15,07:00,Central Business District,Monday,847,40.0,Cloudy,24.5,0.0,Bus,0
2025-09-15,07:00,Highway Junction,Monday,1635,58.7,Cloudy,24.5,0.0,Truck,0
2025-09-15,07:00,Railway Station Road,Monday,1263,32.8,Cloudy,24.5,0.0,Bus,0
2025-09-15,07:00,Residential Ring Road,Monday,706,35.1,Cloudy,24.5,0.0,Car,0
2025-09-15,07:00,University Avenue,Monday,425,42.2,Cloudy,24.5,0.0,Two-Wheeler,0
2025-09-15,08:00,Central Business District,Monday,1776,33.2,Cloudy,26.5,0.0,Two-Wheeler,0
2025-09-15,08:00,Highway Junction,Monday,2221,47.6,Cloudy,26.5,0.0,Two-Wheeler,0
2025-09-15,08:00,Railway Station Road,Monday,1521,24.5,Cloudy,26.5,0.0,Two-Wheeler,0
2025-09-15,08:00,Residential Ring Road,Monday,773,33.8,Cloudy,26.5,0.0,Two-Wheeler,0
2025-09-15,08:00,University Avenue,Monday,937,38.5,Cloudy,26.5,0.0,Car,0
2025-09-15,09:00,Central Business District,Monday,2450,20.2,Cloudy,28.4,0.0,Car,0
2025-09-15,09:00,Highway Junction,Monday,2013,46.2,Cloudy,28.4,0.0,Two-Wheeler,0
2025-09-15,09:00,Railway Station Road,Monday,1590,26.1,Cloudy,28.4,0.0,Car,0
2025-09-15,09:00,Residential Ring Road,Monday,515,42.6,Cloudy,28.4,0.0,Truck,1
2025-09-15,09:00,University Avenue,Monday,1246,33.3,Cloudy,28.4,0.0,Truck,0
2025-09-15,10:00,Central Business District,Monday,2111,28.0,Cloudy,27.1,0.0,Two-Wheeler,0
2025-09-15,10:00,Highway Junction,Monday,1299,57.0,Cloudy,27.1,0.0,Two-Wheeler,0
2025-09-15,10:00,Railway Station Road,Monday,885,34.0,Cloudy,27.1,0.0,Auto Rickshaw,0
2025-09-15,10:00,Residential Ring Road,Monday,359,45.6,Cloudy,27.1,0.0,Two-Wheeler,0
2025-09-15,10:00,University Avenue,Monday,1059,38.3,Cloudy,27.1,0.0,Two-Wheeler,0
2025-09-15,11:00,Central Business District,Monday,1203,35.7,Cloudy,29.6,0.0,Bus,0
2025-09-15,11:00,Highway Junction,Monday,1139,59.3,Cloudy,29.6,0.0,Car,0
2025-09-15,11:00,Railway Station Road,Monday,805,32.8,Cloudy,29.6,0.0,Car,0
2025-09-15,11:00,Residential Ring Road,Monday,383,46.2,Cloudy,29.6,0.0,Two-Wheeler,0
2025-09-15,11:00,University Avenue,Monday,860,39.2,Cloudy,29.6,0.0,Car,0
2025-09-15,12:00,Central Business District,Monday,1014,40.0,Cloudy,29.3,0.0,Bus,0
2025-09-15,12:00,Highway Junction,Monday,1061,62.8,Cloudy,29.3,0.0,Two-Wheeler,0
2025-09-15,12:00,Railway Station Road,Monday,754,34.4,Cloudy,29.3,0.0,Bus,0
2025-09-15,12:00,Residential Ring Road,Monday,406,43.6,Cloudy,29.3,0.0,Two-Wheeler,0
2025-09-15,12:00,University Avenue,Monday,688,43.5,Cloudy,29.3,0.0,Two-Wheeler,0
2025-09-15,13:00,Central Business District,Monday,1021,38.6,Cloudy,31.3,0.0,Two-Wheeler,0
2025-09-15,13:00,Highway Junction,Monday,1213,62.3,Cloudy,31.3,0.0,Bus,0
2025-09-15,13:00,Railway Station Road,Monday,823,36.4,Cloudy,31.3,0.0,Car,0
2025-09-15,13:00,Residential Ring Road,Monday,416,43.9,Cloudy,31.3,0.0,Bus,0
2025-09-15,13:00,University Avenue,Monday,764,41.6,Cloudy,31.3,0.0,Car,0
2025-09-15,14:00,Central Business District,Monday,979,40.0,Cloudy,31.2,0.0,Two-Wheeler,0
2025-09-15,14:00,Highway Junction,Monday,1489,58.2,Cloudy,31.2,0.0,Two-Wheeler,1
2025-09-15,14:00,Railway Station Road,Monday,667,37.7,Cloudy,31.2,0.0,Auto Rickshaw,0
2025-09-15,14:00,Residential Ring Road,Monday,374,47.6,Cloudy,31.2,0.0,Car,0
2025-09-15,14:00,University Avenue,Monday,898,38.3,Cloudy,31.2,0.0,Two-Wheeler,0
2025-09-15,15:00,Central Business District,Monday,1085,36.1,Cloudy,30.0,0.0,Two-Wheeler,0
2025-09-15,15:00,Highway Junction,Monday,1620,53.6,Cloudy,30.0,0.0,Car,0
2025-09-15,15:00,Railway Station Road,Monday,889,34.6,Cloudy,30.0,0.0,Car,0
2025-09-15,15:00,Residential Ring Road,Monday,377,46.9,Cloudy,30.0,0.0,Car,0
2025-09-15,15:00,University Avenue,Monday,1045,35.5,Cloudy,30.0,0.0,Bus,1
2025-09-15,16:00,Central Business District,Monday,1731,31.2,Cloudy,32.1,0.0,Two-Wheeler,0
2025-09-15,16:00,Highway Junction,Monday,2104,49.0,Cloudy,32.1,0.0,Car,0
2025-09-15,16:00,Railway Station Road,Monday,1080,31.3,Cloudy,32.1,0.0,Car,0
2025-09-15,16:00,Residential Ring Road,Monday,377,45.4,Cloudy,32.1,0.0,Two-Wheeler,0
2025-09-15,16:00,University Avenue,Monday,1438,27.6,Cloudy,32.1,0.0,Two-Wheeler,0
2025-09-15,17:00,Central Business District,Monday,1955,27.7,Cloudy,30.4,0.0,Car,1
2025-09-15,17:00,Highway Junction,Monday,2447,41.3,Cloudy,30.4,0.0,Two-Wheeler,0
2025-09-15,17:00,Railway Station Road,Monday,1304,31.5,Cloudy,30.4,0.0,Auto Rickshaw,0
2025-09-15,17:00,Residential Ring Road,Monday,539,37.4,Cloudy,30.4,0.0,Two-Wheeler,0
2025-09-15,17:00,University Avenue,Monday,1264,29.6,Cloudy,30.4,0.0,Bus,0
2025-09-15,18:00,Central Business District,Monday,1879,23.3,Cloudy,29.8,0.0,Truck,0
2025-09-15,18:00,Highway Junction,Monday,2283,45.5,Cloudy,29.8,0.0,Car,0
2025-09-15,18:00,Railway Station Road,Monday,1641,26.3,Cloudy,29.8,0.0,Two-Wheeler,0
2025-09-15,18:00,Residential Ring Road,Monday,686,37.6,Cloudy,29.8,0.0,Two-Wheeler,0
2025-09-15,18:00,University Avenue,Monday,829,40.1,Cloudy,29.8,0.0,Two-Wheeler,0
2025-09-15,19:00,Central Business District,Monday,2055,27.3,Cloudy,28.4,0.0,Car,0
2025-09-15,19:00,Highway Junction,Monday,1447,58.2,Cloudy,28.4,0.0,Two-Wheeler,0
2025-09-15,19:00,Railway Station Road,Monday,1513,26.9,Cloudy,28.4,0.0,Car,0
2025-09-15,19:00,Residential Ring Road,Monday,607,38.6,Cloudy,28.4,0.0,Car,0
2025-09-15,19:00,University Avenue,Monday,430,46.1,Cloudy,28.4,0.0,Car,0
2025-09-15,20:00,Central Business District,Monday,1137,38.5,Cloudy,27.6,0.0,Two-Wheeler,0
2025-09-15,20:00,Highway Junction,Monday,885,63.9,Cloudy,27.6,0.0,Two-Wheeler,0
2025-09-15,20:00,Railway Station Road,Monday,1096,29.9,Cloudy,27.6,0.0,Two-Wheeler,0
2025-09-15,20:00,Residential Ring Road,Monday,565,41.3,Cloudy,27.6,0.0,Car,0
2025-09-15,20:00,University Avenue,Monday,244,47.4,Cloudy,27.6,0.0,Car,0
2025-09-15,21:00,Central Business District,Monday,501,42.0,Cloudy,27.3,0.0,Two-Wheeler,0
2025-09-15,21:00,Highway Junction,Monday,377,,Cloudy,27.3,0.0,Two-Wheeler,0
2025-09-15,21:00,Railway Station Road,Monday,670,39.4,Cloudy,27.3,0.0,Auto Rickshaw,0
2025-09-15,21:00,Residential Ring Road,Monday,317,45.8,Cloudy,27.3,0.0,Truck,0
2025-09-15,21:00,University Avenue,Monday,117,52.2,Cloudy,27.3,0.0,Car,0
2025-09-15,22:00,Central Business District,Monday,291,45.5,Cloudy,25.7,0.0,Truck,0
2025-09-15,22:00,Highway Junction,Monday,249,68.1,Cloudy,25.7,0.0,Two-Wheeler,0
2025-09-15,22:00,Railway Station Road,Monday,294,37.1,Cloudy,25.7,0.0,Truck,0
2025-09-15,22:00,Residential Ring Road,Monday,197,43.4,Cloudy,25.7,0.0,Car,0
2025-09-15,22:00,University Avenue,Monday,90,51.9,Cloudy,25.7,0.0,Two-Wheeler,0
2025-09-15,23:00,Central Business District,Monday,175,42.1,Cloudy,25.0,0.0,Two-Wheeler,0
2025-09-15,23:00,Highway Junction,Monday,165,69.9,Cloudy,25.0,0.0,Truck,0
2025-09-15,23:00,Railway Station Road,Monday,166,35.6,Cloudy,25.0,0.0,Truck,0
2025-09-15,23:00,Residential Ring Road,Monday,106,52.2,Cloudy,25.0,0.0,Two-Wheeler,0
2025-09-15,23:00,University Avenue,Monday,88,50.8,Cloudy,25.0,0.0,Truck,0
2025-09-16,00:00,Central Business District,Tuesday,129,45.3,Clear,24.9,0.0,Truck,0
2025-09-16,00:00,Highway Junction,Tuesday,182,70.1,Clear,24.9,0.0,Truck,0
2025-09-16,00:00,Railway Station Road,Tuesday,114,39.3,Clear,24.9,0.0,Bus,0
2025-09-16,00:00,Residential Ring Road,Tuesday,64,47.5,Clear,24.9,0.0,Truck,0
2025-09-16,00:00,University Avenue,Tuesday,82,54.9,Clear,24.9,0.0,Truck,0
2025-09-16,01:00,Central Business District,Tuesday,148,44.1,Clear,22.8,0.0,Truck,0
2025-09-16,01:00,Highway Junction,Tuesday,167,72.5,Clear,22.8,0.0,Two-Wheeler,0
2025-09-16,01:00,Railway Station Road,Tuesday,106,39.5,Clear,22.8,0.0,Truck,0
2025-09-16,01:00,Residential Ring Road,Tuesday,70,49.4,Clear,22.8,0.0,Car,0
2025-09-16,01:00,University Avenue,Tuesday,82,48.6,Clear,22.8,0.0,Truck,0
2025-09-16,02:00,Central Business District,Tuesday,152,42.2,Clear,21.5,0.0,Car,0
2025-09-16,02:00,Highway Junction,Tuesday,166,70.6,Clear,21.5,0.0,Two-Wheeler,0
2025-09-16,02:00,Railway Station Road,Tuesday,122,40.7,Clear,21.5,0.0,Bus,0
2025-09-16,02:00,Residential Ring Road,Tuesday,70,50.0,Clear,21.5,0.0,Car,0
2025-09-16,02:00,University Avenue,Tuesday,94,48.4,Clear,21.5,0.0,Auto Rickshaw,0
2025-09-16,03:00,Central Business District,Tuesday,144,46.1,Clear,23.4,0.0,Truck,0
2025-09-16,03:00,Highway Junction,Tuesday,198,,Clear,23.4,0.0,Two-Wheeler,0
2025-09-16,03:00,Railway Station Road,Tuesday,117,43.9,Clear,23.4,0.0,Car,0
2025-09-16,03:00,Residential Ring Road,Tuesday,57,49.4,Clear,23.4,0.0,Two-Wheeler,0
2025-09-16,03:00,University Avenue,Tuesday,93,52.1,Clear,23.4,0.0,Truck,0
2025-09-16,04:00,Central Business District,Tuesday,159,45.9,Clear,22.4,0.0,Truck,0
2025-09-16,04:00,Highway Junction,Tuesday,201,69.1,Clear,22.4,0.0,Truck,0
2025-09-16,04:00,Railway Station Road,Tuesday,142,41.0,Clear,22.4,0.0,Truck,0
2025-09-16,04:00,Residential Ring Road,Tuesday,78,47.6,Clear,22.4,0.0,Truck,0
2025-09-16,04:00,University Avenue,Tuesday,82,49.0,Clear,22.4,0.0,Car,0
2025-09-16,05:00,Central Business District,Tuesday,173,44.3,Clear,24.0,0.0,Bus,0
2025-09-16,05:00,Highway Junction,Tuesday,343,67.3,Clear,24.0,0.0,Auto Rickshaw,0
2025-09-16,05:00,Railway Station Road,Tuesday,236,41.5,Clear,24.0,0.0,Two-Wheeler,0
2025-09-16,05:00,Residential Ring Road,Tuesday,180,48.7,Clear,24.0,0.0,Auto Rickshaw,0
2025-09-16,05:00,University Avenue,Tuesday,102,49.6,Clear,24.0,0.0,Car,0
2025-09-16,06:00,Central Business District,Tuesday,283,43.0,Clear,24.1,0.0,Two-Wheeler,0
2025-09-16,06:00,Highway Junction,Tuesday,863,64.7,Clear,24.1,0.0,Bus,1
2025-09-16,06:00,Railway Station Road,Tuesday,646,36.6,Clear,24.1,0.0,Truck,0
2025-09-16,06:00,Residential Ring Road,Tuesday,433,43.2,Clear,24.1,0.0,Truck,0
2025-09-16,06:00,University Avenue,Tuesday,175,52.5,Clear,24.1,0.0,Two-Wheeler,0
2025-09-16,07:00,Central Business District,Tuesday,852,37.8,Clear,24.6,0.0,Car,0
2025-09-16,07:00,Highway Junction,Tuesday,1794,58.7,Clear,24.6,0.0,Truck,0
2025-09-16,07:00,Railway Station Road,Tuesday,1385,28.0,Clear,24.6,0.0,Bus,0
2025-09-16,07:00,Residential Ring Road,Tuesday,642,35.8,Clear,24.6,0.0,Car,0
2025-09-16,07:00,University Avenue,Tuesday,422,45.7,Clear,24.6,0.0,Two-Wheeler,0
2025-09-16,08:00,Central Business District,Tuesday,1751,29.4,Clear,26.1,0.0,Two-Wheeler,0
2025-09-16,08:00,Highway Junction,Tuesday,2422,45.9,Clear,26.1,0.0,Two-Wheeler,0
2025-09-16,08:00,Railway Station Road,Tuesday,1725,20.5,Clear,26.1,0.0,Car,0
2025-09-16,08:00,Residential Ring Road,Tuesday,757,36.2,Clear,26.1,0.0,Two-Wheeler,0
2025-09-16,08:00,University Avenue,Tuesday,1034,34.3,Clear,26.1,0.0,Truck,0
2025-09-16,09:00,Central Business District,Tuesday,2476,20.7,Clear,28.6,0.0,Two-Wheeler,0
2025-09-16,09:00,Highway Junction,Tuesday,2084,49.5,Clear,28.6,0.0,Auto Rickshaw,0
2025-09-16,09:00,Railway Station Road,Tuesday,1362,32.1,Clear,28.6,0.0,Two-Wheeler,0
2025-09-16,09:00,Residential Ring Road,Tuesday,600,38.0,Clear,28.6,0.0,Two-Wheeler,0
2025-09-16,09:00,University Avenue,Tuesday,1267,27.0,Clear,28.6,0.0,Car,0
2025-09-16,10:00,Central Business District,Tuesday,2018,28.7,Clear,29.8,0.0,Two-Wheeler,0
2025-09-16,10:00,Highway Junction,Tuesday,1393,57.3,Clear,29.8,0.0,Car,0
2025-09-16,10:00,Railway Station Road,Tuesday,977,34.4,Clear,29.8,0.0,Auto Rickshaw,0
2025-09-16,10:00,Residential Ring Road,Tuesday,352,46.6,Clear,29.8,0.0,Two-Wheeler,0
2025-09-16,10:00,University Avenue,Tuesday,1276,29.9,Clear,29.8,0.0,Car,1
2025-09-16,11:00,Central Business District,Tuesday,1362,35.5,Clear,29.3,0.0,Two-Wheeler,0
2025-09-16,11:00,Highway Junction,Tuesday,1124,63.2,Clear,29.3,0.0,Two-Wheeler,0
2025-09-16,11:00,Railway Station Road,Tuesday,719,41.3,Clear,,0.0,Bus,0
2025-09-16,11:00,Residential Ring Road,Tuesday,404,43.9,Clear,29.3,0.0,Auto Rickshaw,0
2025-09-16,11:00,University Avenue,Tuesday,776,45.1,Clear,29.3,0.0,Truck,0
2025-09-16,12:00,Central Business District,Tuesday,1054,37.2,Clear,30.3,0.0,Two-Wheeler,0
2025-09-16,12:00,Highway Junction,Tuesday,1296,59.0,Clear,30.3,0.0,Car,0
2025-09-16,12:00,Railway Station Road,Tuesday,793,31.9,Clear,30.3,0.0,Auto Rickshaw,0
2025-09-16,12:00,Residential Ring Road,Tuesday,440,43.1,Clear,30.3,0.0,Bus,0
2025-09-16,12:00,University Avenue,Tuesday,630,45.9,Clear,30.3,0.0,Car,0
2025-09-16,13:00,Central Business District,Tuesday,1068,40.5,Clear,31.8,0.0,Two-Wheeler,0
2025-09-16,13:00,Highway Junction,Tuesday,1279,,Clear,31.8,0.0,Car,0
2025-09-16,13:00,Railway Station Road,Tuesday,838,35.5,Clear,31.8,0.0,Car,0
2025-09-16,13:00,Residential Ring Road,Tuesday,464,39.4,Clear,31.8,0.0,Auto Rickshaw,0
2025-09-16,13:00,University Avenue,Tuesday,769,37.9,Clear,31.8,0.0,Car,0
2025-09-16,14:00,Central Business District,Tuesday,836,38.8,Clear,30.7,0.0,Two-Wheeler,0
2025-09-16,14:00,Highway Junction,Tuesday,1508,60.8,Clear,30.7,0.0,Two-Wheeler,0
2025-09-16,14:00,Railway Station Road,Tuesday,822,36.8,Clear,30.7,0.0,Two-Wheeler,0
2025-09-16,14:00,Residential Ring Road,Tuesday,429,42.4,Clear,30.7,0.0,Two-Wheeler,0
2025-09-16,14:00,University Avenue,Tuesday,879,39.3,Clear,30.7,0.0,Bus,0
2025-09-16,15:00,Central Business District,Tuesday,1189,36.2,Clear,31.8,0.0,Auto Rickshaw,0
2025-09-16,15:00,Highway Junction,Tuesday,1757,55.9,Clear,31.8,0.0,Truck,0
2025-09-16,15:00,Railway Station Road,Tuesday,857,37.4,Clear,31.8,0.0,Two-Wheeler,0
2025-09-16,15:00,Residential Ring Road,Tuesday,365,48.0,Clear,31.8,0.0,Two-Wheeler,0
2025-09-16,15:00,University Avenue,Tuesday,1039,36.1,Clear,31.8,0.0,Two-Wheeler,1
2025-09-16,16:00,Central Business District,Tuesday,1514,36.0,Clear,31.3,0.0,Two-Wheeler,0
2025-09-16,16:00,Highway Junction,Tuesday,1909,52.1,Clear,31.3,0.0,Two-Wheeler,0
2025-09-16,16:00,Railway Station Road,Tuesday,967,36.0,Clear,31.3,0.0,Car,0
2025-09-16,16:00,Residential Ring Road,Tuesday,453,46.3,Clear,31.3,0.0,Two-Wheeler,0
2025-09-16,16:00,University Avenue,Tuesday,1374,29.0,Clear,31.3,0.0,Car,0
2025-09-16,17:00,Central Business District,Tuesday,2175,25.1,Clear,31.1,0.0,Car,0
2025-09-16,17:00,Highway Junction,Tuesday,2393,42.7,Clear,31.1,0.0,Two-Wheeler,0
2025-09-16,17:00,Railway Station Road,Tuesday,1449,22.8,Clear,31.1,0.0,Two-Wheeler,1
2025-09-16,17:00,Residential Ring Road,Tuesday,503,44.5,Clear,31.1,0.0,Truck,0
2025-09-16,17:00,University Avenue,Tuesday,1164,31.2,Clear,31.1,0.0,Car,0
2025-09-16,18:00,Central Business District,Tuesday,2358,19.4,Clear,29.5,0.0,Car,0
2025-09-16,18:00,Highway Junction,Tuesday,1992,52.6,Clear,29.5,0.0,Car,0
2025-09-16,18:00,Railway Station Road,Tuesday,1751,22.0,Clear,29.5,0.0,Car,0
2025-09-16,18:00,Residential Ring Road,Tuesday,662,40.7,Clear,29.5,0.0,Two-Wheeler,0
2025-09-16,18:00,University Avenue,Tuesday,779,39.0,Clear,29.5,0.0,Car,0
2025-09-16,19:00,Central Business District,Tuesday,1616,32.4,Clear,28.0,0.0,Two-Wheeler,0
2025-09-16,19:00,Highway Junction,Tuesday,1504,54.6,Clear,28.0,0.0,Two-Wheeler,0
2025-09-16,19:00,Railway Station Road,Tuesday,1629,26.4,Clear,28.0,0.0,Truck,0
2025-09-16,19:00,Residential Ring Road,Tuesday,682,36.9,Clear,28.0,0.0,Two-Wheeler,0
2025-09-16,19:00,University Avenue,Tuesday,447,48.5,Clear,28.0,0.0,Bus,0
2025-09-16,20:00,Central Business District,Tuesday,1153,42.2,Clear,26.5,0.0,Car,0
2025-09-16,20:00,Highway Junction,Tuesday,775,64.5,Clear,26.5,0.0,Two-Wheeler,0
2025-09-16,20:00,Railway Station Road,Tuesday,1047,30.0,Clear,26.5,0.0,Car,0
2025-09-16,20:00,Residential Ring Road,Tuesday,656,39.2,Clear,26.5,0.0,Two-Wheeler,0
2025-09-16,20:00,University Avenue,Tuesday,217,,Clear,26.5,0.0,Car,0
2025-09-16,21:00,Central Business District,Tuesday,564,42.5,Clear,26.1,0.0,Car,0
2025-09-16,21:00,Highway Junction,Tuesday,398,68.9,Clear,26.1,0.0,Bus,0
2025-09-16,21:00,Railway Station Road,Tuesday,578,38.5,Clear,26.1,0.0,Two-Wheeler,0
2025-09-16,21:00,Residential Ring Road,Tuesday,367,46.3,Clear,26.1,0.0,Bus,0
2025-09-16,21:00,University Avenue,Tuesday,143,50.5,Clear,26.1,0.0,Car,0
2025-09-16,22:00,Central Business District,Tuesday,248,46.9,Clear,25.5,0.0,Truck,0
2025-09-16,22:00,Highway Junction,Tuesday,246,67.1,Clear,25.5,0.0,Two-Wheeler,0
2025-09-16,22:00,Railway Station Road,Tuesday,299,37.2,Clear,25.5,0.0,Bus,0
2025-09-16,22:00,Residential Ring Road,Tuesday,198,45.8,Clear,25.5,0.0,Auto Rickshaw,0
2025-09-16,22:00,University Avenue,Tuesday,96,50.9,Clear,25.5,0.0,Truck,0
2025-09-16,23:00,Central Business District,Tuesday,190,46.4,Clear,24.5,0.0,Car,0
2025-09-16,23:00,Highway Junction,Tuesday,186,68.7,Clear,24.5,0.0,Two-Wheeler,0
2025-09-16,23:00,Railway Station Road,Tuesday,149,38.3,Clear,24.5,0.0,Two-Wheeler,0
2025-09-16,23:00,Residential Ring Road,Tuesday,104,47.1,Clear,24.5,0.0,Car,0
2025-09-16,23:00,University Avenue,Tuesday,90,50.2,Clear,24.5,0.0,Truck,0
2025-09-17,00:00,Central Business District,Wednesday,158,45.0,Cloudy,24.7,0.0,Truck,0
2025-09-17,00:00,Highway Junction,Wednesday,180,70.7,Cloudy,24.7,0.0,Truck,0
2025-09-17,00:00,Railway Station Road,Wednesday,109,42.4,Cloudy,24.7,0.0,Auto Rickshaw,0
2025-09-17,00:00,Residential Ring Road,Wednesday,66,46.6,Cloudy,24.7,0.0,Bus,0
2025-09-17,00:00,University Avenue,Wednesday,88,48.7,Cloudy,24.7,0.0,Truck,0
2025-09-17,01:00,Central Business District,Wednesday,144,44.8,Cloudy,22.3,0.0,Car,0
2025-09-17,01:00,Highway Junction,Wednesday,174,67.6,Cloudy,22.3,0.0,Two-Wheeler,0
2025-09-17,01:00,Railway Station Road,Wednesday,109,39.1,Cloudy,22.3,0.0,Two-Wheeler,0
2025-09-17,01:00,Residential Ring Road,Wednesday,67,,Cloudy,22.3,0.0,Truck,0
2025-09-17,01:00,University Avenue,Wednesday,92,55.0,Cloudy,22.3,0.0,Car,0
2025-09-17,02:00,Central Business District,Wednesday,141,46.2,Cloudy,22.9,0.0,Truck,0
2025-09-17,02:00,Highway Junction,Wednesday,168,69.5,Cloudy,22.9,0.0,Truck,0
2025-09-17,02:00,Railway Station Road,Wednesday,125,38.5,Cloudy,22.9,0.0,Truck,0
2025-09-17,02:00,Residential Ring Road,Wednesday,63,52.0,Cloudy,22.9,0.0,Car,0
2025-09-17,02:00,University Avenue,Wednesday,99,48.8,Cloudy,22.9,0.0,Truck,0
2025-09-17,03:00,Central Business District,Wednesday,147,41.9,Cloudy,22.2,0.0,Truck,0
2025-09-17,03:00,Highway Junction,Wednesday,187,70.5,Cloudy,22.2,0.0,Car,0
2025-09-17,03:00,Railway Station Road,Wednesday,126,38.7,Cloudy,22.2,0.0,Auto Rickshaw,0
2025-09-17,03:00,Residential Ring Road,Wednesday,70,51.1,Cloudy,22.2,0.0,Truck,0
2025-09-17,03:00,University Avenue,Wednesday,90,51.6,Cloudy,22.2,0.0,Two-Wheeler,0
2025-09-17,04:00,Central Business District,Wednesday,155,43.6,Cloudy,22.4,0.0,Car,0
2025-09-17,04:00,Highway Junction,Wednesday,220,69.3,Cloudy,22.4,0.0,Two-Wheeler,0
2025-09-17,04:00,Railway Station Road,Wednesday,134,40.2,Cloudy,22.4,0.0,Truck,0
2025-09-17,04:00,Residential Ring Road,Wednesday,75,52.7,Cloudy,22.4,0.0,Bus,0
2025-09-17,04:00,University Avenue,Wednesday,85,54.2,Cloudy,22.4,0.0,Truck,0
2025-09-17,05:00,Central Business District,Wednesday,159,43.5,Cloudy,23.3,0.0,Truck,0
2025-09-17,05:00,Highway Junction,Wednesday,313,64.3,Cloudy,23.3,0.0,Truck,0
2025-09-17,05:00,Railway Station Road,Wednesday,212,40.0,Cloudy,23.3,0.0,Truck,0
2025-09-17,05:00,Residential Ring Road,Wednesday,196,48.6,Cloudy,23.3,0.0,Truck,0
2025-09-17,05:00,University Avenue,Wednesday,108,48.9,Cloudy,23.3,0.0,Truck,0
2025-09-17,06:00,Central Business District,Wednesday,333,43.0,Cloudy,24.3,0.0,Car,0
2025-09-17,06:00,Highway Junction,Wednesday,807,67.4,Cloudy,24.3,0.0,Car,0
2025-09-17,06:00,Railway Station Road,Wednesday,594,36.0,Cloudy,24.3,0.0,Auto Rickshaw,0
2025-09-17,06:00,Residential Ring Road,Wednesday,402,48.7,Cloudy,24.3,0.0,Two-Wheeler,0
2025-09-17,06:00,University Avenue,Wednesday,189,48.1,Cloudy,24.3,0.0,Car,0
2025-09-17,07:00,Central Business District,Wednesday,906,38.6,Cloudy,24.5,0.0,Car,0
2025-09-17,07:00,Highway Junction,Wednesday,1782,53.6,Cloudy,24.5,0.0,Two-Wheeler,0
2025-09-17,07:00,Railway Station Road,Wednesday,1346,32.2,Cloudy,24.5,0.0,Two-Wheeler,0
2025-09-17,07:00,Residential Ring Road,Wednesday,628,41.0,Cloudy,24.5,0.0,Two-Wheeler,0
2025-09-17,07:00,University Avenue,Wednesday,444,44.8,Cloudy,24.5,0.0,Two-Wheeler,0
2025-09-17,08:00,Central Business District,Wednesday,1702,32.9,Cloudy,26.7,0.0,Car,0
2025-09-17,08:00,Highway Junction,Wednesday,2432,43.6,Cloudy,26.7,0.0,Car,0
2025-09-17,08:00,Railway Station Road,Wednesday,1805,19.2,Cloudy,26.7,0.0,Car,0
2025-09-17,08:00,Residential Ring Road,Wednesday,772,36.2,Cloudy,26.7,0.0,Truck,0
2025-09-17,08:00,University Avenue,Wednesday,1013,37.6,Cloudy,26.7,0.0,Car,0
2025-09-17,09:00,Central Business District,Wednesday,2413,24.0,Cloudy,26.1,0.0,Car,0
2025-09-17,09:00,Highway Junction,Wednesday,2031,52.4,Cloudy,26.1,0.0,Two-Wheeler,0
2025-09-17,09:00,Railway Station Road,Wednesday,1510,27.1,Cloudy,26.1,0.0,Car,0
2025-09-17,09:00,Residential Ring Road,Wednesday,556,41.2,Cloudy,26.1,0.0,Two-Wheeler,0
2025-09-17,09:00,University Avenue,Wednesday,1309,29.7,Cloudy,26.1,0.0,Two-Wheeler,0
2025-09-17,10:00,Central Business District,Wednesday,2264,24.4,Cloudy,28.2,0.0,Auto Rickshaw,0
2025-09-17,10:00,Highway Junction,Wednesday,1320,61.0,Cloudy,28.2,0.0,Two-Wheeler,1
2025-09-17,10:00,Railway Station Road,Wednesday,1071,33.9,Cloudy,28.2,0.0,Two-Wheeler,0
2025-09-17,10:00,Residential Ring Road,Wednesday,384,44.2,Cloudy,28.2,0.0,Car,0
2025-09-17,10:00,University Avenue,Wednesday,1231,30.2,Cloudy,28.2,0.0,Two-Wheeler,0
2025-09-17,11:00,Central Business District,Wednesday,1344,37.3,Cloudy,31.3,0.0,Auto Rickshaw,0
2025-09-17,11:00,Highway Junction,Wednesday,985,64.3,Cloudy,31.3,0.0,Two-Wheeler,0
2025-09-17,11:00,Railway Station Road,Wednesday,693,36.3,Cloudy,31.3,0.0,Car,0
2025-09-17,11:00,Residential Ring Road,Wednesday,372,45.0,Cloudy,31.3,0.0,Two-Wheeler,0
2025-09-17,11:00,University Avenue,Wednesday,776,41.6,Cloudy,31.3,0.0,Two-Wheeler,0
2025-09-17,12:00,Central Business District,Wednesday,1134,38.2,Cloudy,30.4,0.0,Two-Wheeler,0
2025-09-17,12:00,Highway Junction,Wednesday,1142,64.3,Cloudy,30.4,0.0,Car,0
2025-09-17,12:00,Railway Station Road,Wednesday,-1,34.4,Cloudy,30.4,0.0,Two-Wheeler,0
2025-09-17,12:00,Residential Ring Road,Wednesday,442,44.1,Cloudy,30.4,0.0,Two-Wheeler,0
2025-09-17,12:00,University Avenue,Wednesday,772,42.0,Cloudy,30.4,0.0,Two-Wheeler,0
2025-09-17,13:00,Central Business District,Wednesday,903,37.9,Cloudy,32.0,0.0,Bus,0
2025-09-17,13:00,Highway Junction,Wednesday,1098,58.8,Cloudy,32.0,0.0,Car,0
2025-09-17,13:00,Railway Station Road,Wednesday,728,35.8,Cloudy,32.0,0.0,Two-Wheeler,0
2025-09-17,13:00,Residential Ring Road,Wednesday,453,42.7,Cloudy,,0.0,Two-Wheeler,0
2025-09-17,13:00,University Avenue,Wednesday,706,41.6,Cloudy,32.0,0.0,Bus,0
2025-09-17,14:00,Central Business District,Wednesday,993,42.5,Cloudy,31.4,0.0,Two-Wheeler,0
2025-09-17,14:00,Highway Junction,Wednesday,1302,61.2,Cloudy,31.4,0.0,Car,0
2025-09-17,14:00,Railway Station Road,Wednesday,952,33.3,Cloudy,31.4,0.0,Car,0
2025-09-17,14:00,Residential Ring Road,Wednesday,433,45.9,Cloudy,31.4,0.0,Car,0
2025-09-17,14:00,University Avenue,Wednesday,946,38.3,Cloudy,31.4,0.0,Two-Wheeler,0
2025-09-17,15:00,Central Business District,Wednesday,1241,39.9,Cloudy,32.0,0.0,Bus,0
2025-09-17,15:00,Highway Junction,Wednesday,1480,57.7,Cloudy,32.0,0.0,Two-Wheeler,0
2025-09-17,15:00,Railway Station Road,Wednesday,955,33.9,Cloudy,32.0,0.0,Two-Wheeler,0
2025-09-17,15:00,Residential Ring Road,Wednesday,378,47.4,Cloudy,32.0,0.0,Two-Wheeler,1
2025-09-17,15:00,University Avenue,Wednesday,1165,32.2,Cloudy,32.0,0.0,Car,0
2025-09-17,16:00,Central Business District,Wednesday,1398,33.4,Cloudy,31.3,0.0,Car,0
2025-09-17,16:00,Highway Junction,Wednesday,1760,54.7,Cloudy,31.3,0.0,Two-Wheeler,0
2025-09-17,16:00,Railway Station Road,Wednesday,929,32.5,Cloudy,31.3,0.0,Bus,0
2025-09-17,16:00,Residential Ring Road,Wednesday,352,46.4,Cloudy,31.3,0.0,Bus,0
2025-09-17,16:00,University Avenue,Wednesday,1141,31.4,Cloudy,31.3,0.0,Two-Wheeler,0
2025-09-17,17:00,Central Business District,Wednesday,1965,30.6,Cloudy,30.8,0.0,Car,0
2025-09-17,17:00,Highway Junction,Wednesday,2308,47.4,Cloudy,30.8,0.0,Car,0
2025-09-17,17:00,Railway Station Road,Wednesday,1417,23.6,Cloudy,30.8,0.0,Car,0
2025-09-17,17:00,Residential Ring Road,Wednesday,509,44.1,Cloudy,30.8,0.0,Truck,0
2025-09-17,17:00,University Avenue,Wednesday,1213,31.3,Cloudy,30.8,0.0,Two-Wheeler,0
2025-09-17,18:00,Central Business District,Wednesday,2326,20.7,Cloudy,29.6,0.0,Auto Rickshaw,0
2025-09-17,18:00,Highway Junction,Wednesday,2124,42.2,Cloudy,29.6,0.0,Truck,0
2025-09-17,18:00,Railway Station Road,Wednesday,1609,23.6,Cloudy,29.6,0.0,Bus,0
2025-09-17,18:00,Residential Ring Road,Wednesday,684,40.6,Cloudy,29.6,0.0,Auto Rickshaw,0
2025-09-17,18:00,University Avenue,Wednesday,824,39.4,Cloudy,29.6,0.0,Two-Wheeler,0
2025-09-17,19:00,Central Business District,Wednesday,1637,34.0,Cloudy,29.6,0.0,Car,0
2025-09-17,19:00,Highway Junction,Wednesday,1548,58.8,Cloudy,29.6,0.0,Car,0
2025-09-17,19:00,Railway Station Road,Wednesday,1559,29.0,Cloudy,29.6,0.0,Car,0
2025-09-17,19:00,Residential Ring Road,Wednesday,736,39.9,Cloudy,29.6,0.0,Auto Rickshaw,0
2025-09-17,19:00,University Avenue,Wednesday,447,48.4,Cloudy,29.6,0.0,Two-Wheeler,0
2025-09-17,20:00,Central Business District,Wednesday,1136,37.3,Cloudy,27.5,0.0,Car,0
2025-09-17,20:00,Highway Junction,Wednesday,781,62.7,Cloudy,27.5,0.0,Car,0
2025-09-17,20:00,Railway Station Road,Wednesday,1098,31.6,Cloudy,27.5,0.0,Auto Rickshaw,0
2025-09-17,20:00,Residential Ring Road,Wednesday,562,41.8,Cloudy,27.5,0.0,Car,0
2025-09-17,20:00,University Avenue,Wednesday,229,46.3,Cloudy,27.5,0.0,Two-Wheeler,0
2025-09-17,21:00,Central Business District,Wednesday,567,37.5,Cloudy,27.5,0.0,Two-Wheeler,0
2025-09-17,21:00,Highway Junction,Wednesday,410,62.8,Cloudy,27.5,0.0,Car,0
2025-09-17,21:00,Railway Station Road,Wednesday,605,37.0,Cloudy,27.5,0.0,Two-Wheeler,0
2025-09-17,21:00,Residential Ring Road,Wednesday,372,45.8,Cloudy,27.5,0.0,Car,0
2025-09-17,21:00,University Avenue,Wednesday,116,52.6,Cloudy,27.5,0.0,Car,0
2025-09-17,22:00,Central Business District,Wednesday,262,48.9,Cloudy,26.7,0.0,Two-Wheeler,0
2025-09-17,22:00,Highway Junction,Wednesday,250,71.7,Cloudy,26.7,0.0,Truck,0
2025-09-17,22:00,Railway Station Road,Wednesday,285,38.3,Cloudy,26.7,0.0,Two-Wheeler,0
2025-09-17,22:00,Residential Ring Road,Wednesday,174,45.9,Cloudy,26.7,0.0,Bus,0
2025-09-17,22:00,University Avenue,Wednesday,95,49.4,Cloudy,26.7,0.0,Car,0
2025-09-17,23:00,Central Business District,Wednesday,183,43.4,Cloudy,25.0,0.0,Car,0
2025-09-17,23:00,Highway Junction,Wednesday,207,68.3,Cloudy,,0.0,Auto Rickshaw,0
2025-09-17,23:00,Railway Station Road,Wednesday,170,38.6,Cloudy,25.0,0.0,Truck,0
2025-09-17,23:00,Residential Ring Road,Wednesday,103,46.4,Cloudy,25.0,0.0,Car,0
2025-09-17,23:00,University Avenue,Wednesday,87,52.1,Cloudy,25.0,0.0,Car,0
2025-09-18,00:00,Central Business District,Thursday,139,46.7,Clear,24.2,0.0,Auto Rickshaw,0
2025-09-18,00:00,Highway Junction,Thursday,167,71.2,Clear,24.2,0.0,Car,0
2025-09-18,00:00,Railway Station Road,Thursday,113,40.4,Clear,24.2,0.0,Truck,0
2025-09-18,00:00,Residential Ring Road,Thursday,68,50.6,Clear,24.2,0.0,Car,0
2025-09-18,00:00,University Avenue,Thursday,89,50.3,Clear,24.2,0.0,Truck,0
2025-09-18,01:00,Central Business District,Thursday,130,43.2,Clear,22.9,0.0,Truck,0
2025-09-18,01:00,Highway Junction,Thursday,172,69.7,Clear,22.9,0.0,Truck,0
2025-09-18,01:00,Railway Station Road,Thursday,122,39.7,Clear,22.9,0.0,Car,0
2025-09-18,01:00,Residential Ring Road,Thursday,62,52.6,Clear,22.9,0.0,Truck,0
2025-09-18,01:00,University Avenue,Thursday,89,53.7,Clear,22.9,0.0,Car,0
2025-09-18,02:00,Central Business District,Thursday,136,47.6,Clear,23.4,0.0,Two-Wheeler,0
2025-09-18,02:00,Highway Junction,Thursday,158,70.9,Clear,23.4,0.0,Two-Wheeler,0
2025-09-18,02:00,Railway Station Road,Thursday,120,38.8,Clear,23.4,0.0,Bus,0
2025-09-18,02:00,Residential Ring Road,Thursday,66,49.6,Clear,23.4,0.0,Two-Wheeler,0
2025-09-18,02:00,University Avenue,Thursday,95,49.3,Clear,23.4,0.0,Truck,0
2025-09-18,03:00,Central Business District,Thursday,119,44.2,Clear,21.0,0.0,Truck,0
2025-09-18,03:00,Highway Junction,Thursday,199,72.0,Clear,21.0,0.0,Truck,0
2025-09-18,03:00,Railway Station Road,Thursday,136,37.0,Clear,21.0,0.0,Truck,0
2025-09-18,03:00,Residential Ring Road,Thursday,66,51.2,Clear,21.0,0.0,Truck,0
2025-09-18,03:00,University Avenue,Thursday,100,51.7,Clear,21.0,0.0,Two-Wheeler,0
2025-09-18,04:00,Central Business District,Thursday,145,47.0,Clear,22.4,0.0,Truck,0
2025-09-18,04:00,Highway Junction,Thursday,195,69.4,Clear,22.4,0.0,Two-Wheeler,0
2025-09-18,04:00,Railway Station Road,Thursday,133,40.4,Clear,22.4,0.0,Car,0
2025-09-18,04:00,Residential Ring Road,Thursday,75,51.1,Clear,22.4,0.0,Car,0
2025-09-18,04:00,University Avenue,Thursday,105,50.5,Clear,22.4,0.0,Truck,0
2025-09-18,05:00,Central Business District,Thursday,172,46.2,Clear,21.5,0.0,Truck,0
2025-09-18,05:00,Highway Junction,Thursday,294,69.4,Clear,21.5,0.0,Auto Rickshaw,0
2025-09-18,05:00,Railway Station Road,Thursday,249,35.7,Clear,21.5,0.0,Two-Wheeler,0
2025-09-18,05:00,Residential Ring Road,Thursday,175,44.7,Clear,21.5,0.0,Truck,0
2025-09-18,05:00,University Avenue,Thursday,106,47.3,Clear,21.5,0.0,Car,0
2025-09-18,06:00,Central Business District,Thursday,331,46.6,Clear,22.6,0.0,Car,0
2025-09-18,06:00,Highway Junction,Thursday,739,63.9,Clear,22.6,0.0,Car,0
2025-09-18,06:00,Railway Station Road,Thursday,522,38.4,Clear,22.6,0.0,Bus,0
2025-09-18,06:00,Residential Ring Road,Thursday,369,48.6,Clear,22.6,0.0,Car,0
2025-09-18,06:00,University Avenue,Thursday,189,46.7,Clear,22.6,0.0,Two-Wheeler,0
2025-09-18,07:00,Central Business District,Thursday,755,45.5,Clear,25.8,0.0,Bus,0
2025-09-18,07:00,Highway Junction,Thursday,1602,57.3,Clear,25.8,0.0,Car,0
2025-09-18,07:00,Railway Station Road,Thursday,1414,27.1,Clear,25.8,0.0,Car,0
2025-09-18,07:00,Residential Ring Road,Thursday,643,38.1,Clear,25.8,0.0,Two-Wheeler,0
2025-09-18,07:00,University Avenue,Thursday,505,41.7,Clear,25.8,0.0,Two-Wheeler,0
2025-09-18,08:00,Central Business District,Thursday,1630,35.7,Clear,26.6,0.0,Car,0
2025-09-18,08:00,Highway Junction,Thursday,2539,44.2,Clear,26.6,0.0,Two-Wheeler,0
2025-09-18,08:00,Railway Station Road,Thursday,1771,21.9,Clear,26.6,0.0,Car,1
2025-09-18,08:00,Residential Ring Road,Thursday,676,42.4,Clear,26.6,0.0,Car,0
2025-09-18,08:00,University Avenue,Thursday,1008,33.9,Clear,26.6,0.0,Car,0
2025-09-18,09:00,Central Business District,Thursday,2470,24.0,Clear,26.4,0.0,Car,0
2025-09-18,09:00,Highway Junction,Thursday,1965,52.8,Clear,26.4,0.0,Car,0
2025-09-18,09:00,Railway Station Road,Thursday,1309,28.5,Clear,26.4,0.0,Auto Rickshaw,0
2025-09-18,09:00,Residential Ring Road,Thursday,481,44.3,Clear,26.4,0.0,Car,0
2025-09-18,09:00,University Avenue,Thursday,1168,30.2,Clear,26.4,0.0,Auto Rickshaw,0
2025-09-18,10:00,Central Business District,Thursday,2089,24.1,Clear,27.0,0.0,Car,0
2025-09-18,10:00,Highway Junction,Thursday,1449,55.5,Clear,27.0,0.0,Two-Wheeler,0
2025-09-18,10:00,Railway Station Road,Thursday,939,33.3,Clear,27.0,0.0,Auto Rickshaw,0
2025-09-18,10:00,Residential Ring Road,Thursday,344,40.9,Clear,27.0,0.0,Auto Rickshaw,0
2025-09-18,10:00,University Avenue,Thursday,1035,33.8,Clear,27.0,0.0,Car,0
2025-09-18,11:00,Central Business District,Thursday,1530,32.0,Clear,26.9,0.0,Two-Wheeler,0
2025-09-18,11:00,Highway Junction,Thursday,983,59.8,Clear,26.9,0.0,Two-Wheeler,0
2025-09-18,11:00,Railway Station Road,Thursday,733,35.0,Clear,26.9,0.0,Bus,0
2025-09-18,11:00,Residential Ring Road,Thursday,339,45.7,Clear,26.9,0.0,Truck,0
2025-09-18,11:00,University Avenue,Thursday,860,36.7,Clear,26.9,0.0,Two-Wheeler,0
2025-09-18,12:00,Central Business District,Thursday,939,43.6,Clear,29.7,0.0,Car,0
2025-09-18,12:00,Highway Junction,Thursday,1167,62.5,Clear,29.7,0.0,Two-Wheeler,0
2025-09-18,12:00,Railway Station Road,Thursday,755,36.4,Clear,29.7,0.0,Two-Wheeler,0
2025-09-18,12:00,Residential Ring Road,Thursday,431,44.6,Clear,29.7,0.0,Two-Wheeler,0
2025-09-18,12:00,University Avenue,Thursday,609,43.8,Clear,29.7,0.0,Car,1
2025-09-18,13:00,Central Business District,Thursday,1026,41.6,Clear,32.8,0.0,Car,0
2025-09-18,13:00,Highway Junction,Thursday,1118,59.4,Clear,32.8,0.0,Two-Wheeler,0
2025-09-18,13:00,Railway Station Road,Thursday,753,33.5,Clear,32.8,0.0,Two-Wheeler,0
2025-09-18,13:00,Residential Ring Road,Thursday,443,41.8,Clear,32.8,0.0,Car,0
2025-09-18,13:00,University Avenue,Thursday,703,45.2,Clear,32.8,0.0,Two-Wheeler,0
2025-09-18,14:00,Central Business District,Thursday,1113,43.7,Clear,31.7,0.0,Two-Wheeler,0
2025-09-18,14:00,Highway Junction,Thursday,1362,58.6,Clear,31.7,0.0,Car,0
2025-09-18,14:00,Railway Station Road,Thursday,670,33.0,Clear,31.7,0.0,Car,0
2025-09-18,14:00,Residential Ring Road,Thursday,429,48.6,Clear,31.7,0.0,Two-Wheeler,0
2025-09-18,14:00,University Avenue,Thursday,876,40.4,Clear,31.7,0.0,Bus,1
2025-09-18,15:00,Central Business District,Thursday,1078,39.6,Clear,31.1,0.0,Two-Wheeler,0
2025-09-18,15:00,Highway Junction,Thursday,1751,52.8,Clear,31.1,0.0,Car,0
2025-09-18,15:00,Railway Station Road,Thursday,860,34.8,Clear,31.1,0.0,Car,0
2025-09-18,15:00,Residential Ring Road,Thursday,427,42.0,Clear,31.1,0.0,Truck,0
2025-09-18,15:00,University Avenue,Thursday,1243,32.5,Clear,31.1,0.0,Bus,0
2025-09-18,16:00,Central Business District,Thursday,1501,35.8,Clear,31.7,0.0,Car,1
2025-09-18,16:00,Highway Junction,Thursday,1980,52.7,Clear,31.7,0.0,Car,0
2025-09-18,16:00,Railway Station Road,Thursday,908,33.5,Clear,31.7,0.0,Car,0
2025-09-18,16:00,Residential Ring Road,Thursday,412,46.8,Clear,31.7,0.0,Two-Wheeler,0
2025-09-18,16:00,University Avenue,Thursday,1352,27.3,Clear,31.7,0.0,Two-Wheeler,0
2025-09-18,17:00,Central Business District,Thursday,2110,29.2,Clear,29.6,0.0,Two-Wheeler,1
2025-09-18,17:00,Highway Junction,Thursday,2196,46.6,Clear,29.6,0.0,Two-Wheeler,0
2025-09-18,17:00,Railway Station Road,Thursday,1120,32.8,Clear,29.6,0.0,Car,0
2025-09-18,17:00,Residential Ring Road,Thursday,564,40.4,Clear,29.6,0.0,Two-Wheeler,0
2025-09-18,17:00,University Avenue,Thursday,1171,30.5,Clear,29.6,0.0,Bus,0
2025-09-18,18:00,Central Business District,Thursday,2057,23.5,Clear,29.9,0.0,Car,0
2025-09-18,18:00,Highway Junction,Thursday,2136,,Clear,29.9,0.0,Auto Rickshaw,0
2025-09-18,18:00,Railway Station Road,Thursday,1670,26.7,Clear,29.9,0.0,Truck,0
2025-09-18,18:00,Residential Ring Road,Thursday,643,37.4,Clear,29.9,0.0,Two-Wheeler,0
2025-09-18,18:00,University Avenue,Thursday,775,40.5,Clear,29.9,0.0,Car,0
2025-09-18,19:00,Central Business District,Thursday,1607,33.1,Clear,29.3,0.0,Car,0
2025-09-18,19:00,Highway Junction,Thursday,1517,56.2,Clear,29.3,0.0,Bus,0
2025-09-18,19:00,Railway Station Road,Thursday,1674,25.5,Clear,29.3,0.0,Two-Wheeler,0
2025-09-18,19:00,Residential Ring Road,Thursday,661,39.5,Clear,29.3,0.0,Two-Wheeler,0
2025-09-18,19:00,University Avenue,Thursday,443,43.7,Clear,29.3,0.0,Two-Wheeler,0
2025-09-18,20:00,Central Business District,Thursday,1055,38.7,Clear,28.1,0.0,Two-Wheeler,0
2025-09-18,20:00,Highway Junction,Thursday,788,62.0,Clear,28.1,0.0,Two-Wheeler,0
2025-09-18,20:00,Railway Station Road,Thursday,1141,30.0,Clear,28.1,0.0,Bus,0
2025-09-18,20:00,Residential Ring Road,Thursday,509,43.2,Clear,28.1,0.0,Two-Wheeler,0
2025-09-18,20:00,University Avenue,Thursday,213,48.5,Clear,28.1,0.0,Car,0
2025-09-18,21:00,Central Business District,Thursday,527,41.1,Clear,27.6,0.0,Car,0
2025-09-18,21:00,Highway Junction,Thursday,398,71.1,Clear,27.6,0.0,Two-Wheeler,0
2025-09-18,21:00,Railway Station Road,Thursday,627,36.4,Clear,27.6,0.0,Bus,0
2025-09-18,21:00,Residential Ring Road,Thursday,399,44.3,Clear,27.6,0.0,Two-Wheeler,0
2025-09-18,21:00,University Avenue,Thursday,131,49.9,Clear,27.6,0.0,Two-Wheeler,0
2025-09-18,22:00,Central Business District,Thursday,247,43.6,Clear,26.1,0.0,Truck,0
2025-09-18,22:00,Highway Junction,Thursday,233,71.4,Clear,26.1,0.0,Truck,0
2025-09-18,22:00,Railway Station Road,Thursday,276,38.9,Clear,26.1,0.0,Truck,0
2025-09-18,22:00,Residential Ring Road,Thursday,206,51.4,Clear,26.1,0.0,Truck,0
2025-09-18,22:00,University Avenue,Thursday,114,50.1,Clear,26.1,0.0,Truck,0
2025-09-18,23:00,Central Business District,Thursday,175,,Clear,25.3,0.0,Bus,0
2025-09-18,23:00,Highway Junction,Thursday,221,67.3,Clear,25.3,0.0,Truck,0
2025-09-18,23:00,Railway Station Road,Thursday,157,35.7,Clear,25.3,0.0,Two-Wheeler,0
2025-09-18,23:00,Residential Ring Road,Thursday,100,53.1,Clear,25.3,0.0,Two-Wheeler,0
2025-09-18,23:00,University Avenue,Thursday,79,49.2,Clear,25.3,0.0,Car,0
2025-09-19,00:00,Central Business District,Friday,133,47.1,Cloudy,24.5,0.0,Truck,0
2025-09-19,00:00,Highway Junction,Friday,180,68.6,Cloudy,24.5,0.0,Truck,0
2025-09-19,00:00,Railway Station Road,Friday,118,38.5,Cloudy,24.5,0.0,Truck,0
2025-09-19,00:00,Residential Ring Road,Friday,66,47.9,Cloudy,24.5,0.0,Truck,0
2025-09-19,00:00,University Avenue,Friday,80,54.0,Cloudy,24.5,0.0,Bus,0
2025-09-19,01:00,Central Business District,Friday,131,43.1,Cloudy,24.4,0.0,Car,0
2025-09-19,01:00,Highway Junction,Friday,176,70.0,Cloudy,24.4,0.0,Two-Wheeler,0
2025-09-19,01:00,Railway Station Road,Friday,122,40.0,Cloudy,24.4,0.0,Car,0
2025-09-19,01:00,Residential Ring Road,Friday,57,51.3,Cloudy,24.4,0.0,Two-Wheeler,0
2025-09-19,01:00,University Avenue,Friday,92,49.7,Cloudy,24.4,0.0,Truck,0
2025-09-19,02:00,Central Business District,Friday,140,44.4,Cloudy,21.9,0.0,Car,0
2025-09-19,02:00,Highway Junction,Friday,159,68.2,Cloudy,21.9,0.0,Truck,0
2025-09-19,02:00,Railway Station Road,Friday,129,38.6,Cloudy,21.9,0.0,Car,0
2025-09-19,02:00,Residential Ring Road,Friday,72,46.8,Cloudy,21.9,0.0,Car,0
2025-09-19,02:00,University Avenue,Friday,83,47.2,Cloudy,21.9,0.0,Two-Wheeler,0
2025-09-19,03:00,Central Business District,Friday,125,44.7,Cloudy,21.8,0.0,Car,0
2025-09-19,03:00,Highway Junction,Friday,161,69.3,Cloudy,21.8,0.0,Two-Wheeler,0
2025-09-19,03:00,Railway Station Road,Friday,120,39.4,Cloudy,21.8,0.0,Truck,0
2025-09-19,03:00,Residential Ring Road,Friday,70,46.1,Cloudy,21.8,0.0,Truck,0
2025-09-19,03:00,University Avenue,Friday,88,51.9,Cloudy,21.8,0.0,Truck,0
2025-09-19,04:00,Central Business District,Friday,148,42.7,Cloudy,23.7,0.0,Truck,0
2025-09-19,04:00,Highway Junction,Friday,188,70.7,Cloudy,23.7,0.0,Car,0
2025-09-19,04:00,Railway Station Road,Friday,129,40.1,Cloudy,23.7,0.0,Two-Wheeler,0
2025-09-19,04:00,Residential Ring Road,Friday,86,49.4,Cloudy,23.7,0.0,Truck,0
2025-09-19,04:00,University Avenue,Friday,85,50.4,Cloudy,23.7,0.0,Truck,0
2025-09-19,05:00,Central Business District,Friday,172,44.4,Cloudy,22.9,0.0,Truck,0
2025-09-19,05:00,Highway Junction,Friday,345,64.1,Cloudy,22.9,0.0,Car,0
2025-09-19,05:00,Railway Station Road,Friday,238,37.7,Cloudy,22.9,0.0,Car,0
2025-09-19,05:00,Residential Ring Road,Friday,153,47.9,Cloudy,22.9,0.0,Auto Rickshaw,0
2025-09-19,05:00,University Avenue,Friday,112,50.0,Cloudy,22.9,0.0,Bus,0
2025-09-19,06:00,Central Business District,Friday,329,44.7,Cloudy,24.9,0.0,Two-Wheeler,0
2025-09-19,06:00,Highway Junction,Friday,793,66.3,Cloudy,24.9,0.0,Car,0
2025-09-19,06:00,Railway Station Road,Friday,595,35.4,Cloudy,24.9,0.0,Two-Wheeler,0
2025-09-19,06:00,Residential Ring Road,Friday,395,43.7,Cloudy,24.9,0.0,Two-Wheeler,0
2025-09-19,06:00,University Avenue,Friday,194,,Cloudy,24.9,0.0,Two-Wheeler,0
2025-09-19,07:00,Central Business District,Friday,775,41.2,Cloudy,24.4,0.0,Car,0
2025-09-19,07:00,Highway Junction,Friday,1770,53.5,Cloudy,24.4,0.0,Car,0
2025-09-19,07:00,Railway Station Road,Friday,1485,28.0,Cloudy,24.4,0.0,Car,0
2025-09-19,07:00,Residential Ring Road,Friday,837,32.0,Cloudy,24.4,0.0,Two-Wheeler,0
2025-09-19,07:00,University Avenue,Friday,424,45.7,Cloudy,24.4,0.0,Car,0
2025-09-19,08:00,Central Business District,Friday,1845,32.5,Cloudy,27.0,0.0,Bus,0
2025-09-19,08:00,Highway Junction,Friday,2669,40.6,Cloudy,27.0,0.0,Car,0
2025-09-19,08:00,Railway Station Road,Friday,1886,20.9,Cloudy,27.0,0.0,Two-Wheeler,0
2025-09-19,08:00,Residential Ring Road,Friday,732,36.8,Cloudy,27.0,0.0,Car,0
2025-09-19,08:00,University Avenue,Friday,1019,36.9,Cloudy,27.0,0.0,Car,0
2025-09-19,09:00,Central Business District,Friday,2419,20.1,Cloudy,27.1,0.0,Car,1
2025-09-19,09:00,Highway Junction,Friday,2226,45.9,Cloudy,27.1,0.0,Two-Wheeler,0
2025-09-19,09:00,Railway Station Road,Friday,1815,19.3,Cloudy,27.1,0.0,Car,1
2025-09-19,09:00,Residential Ring Road,Friday,544,39.0,Cloudy,27.1,0.0,Bus,0
2025-09-19,09:00,University Avenue,Friday,1559,20.7,Cloudy,27.1,0.0,Two-Wheeler,0
2025-09-19,10:00,Central Business District,Friday,1831,33.0,Cloudy,28.4,0.0,Auto Rickshaw,0
2025-09-19,10:00,Highway Junction,Friday,1450,60.2,Cloudy,28.4,0.0,Car,0
2025-09-19,10:00,Railway Station Road,Friday,1000,32.0,Cloudy,28.4,0.0,Two-Wheeler,0
2025-09-19,10:00,Residential Ring Road,Friday,365,45.1,Cloudy,28.4,0.0,Bus,0
2025-09-19,10:00,University Avenue,Friday,1065,34.7,Cloudy,28.4,0.0,Car,0
2025-09-19,11:00,Central Business District,Friday,1576,31.7,Cloudy,30.5,0.0,Two-Wheeler,0
2025-09-19,11:00,Highway Junction,Friday,1075,65.0,Cloudy,30.5,0.0,Two-Wheeler,0
2025-09-19,11:00,Railway Station Road,Friday,687,34.5,Cloudy,30.5,0.0,Two-Wheeler,0
2025-09-19,11:00,Residential Ring Road,Friday,336,43.9,Cloudy,30.5,0.0,Auto Rickshaw,0
2025-09-19,11:00,University Avenue,Friday,751,42.9,Cloudy,30.5,0.0,Truck,0
2025-09-19,12:00,Central Business District,Friday,1086,,Cloudy,29.9,0.0,Auto Rickshaw,0
2025-09-19,12:00,Highway Junction,Friday,1211,60.9,Cloudy,29.9,0.0,Two-Wheeler,0
2025-09-19,12:00,Railway Station Road,Friday,725,36.9,Cloudy,29.9,0.0,Two-Wheeler,0
2025-09-19,12:00,Railway Station Road,Friday,725,36.9,Cloudy,29.9,0.0,Two-Wheeler,0
2025-09-19,12:00,Residential Ring Road,Friday,425,44.6,Cloudy,29.9,0.0,Bus,0
2025-09-19,12:00,University Avenue,Friday,730,44.5,Cloudy,29.9,0.0,Two-Wheeler,0
2025-09-19,13:00,Central Business District,Friday,1092,36.5,Rain,28.0,3.3,Two-Wheeler,0
2025-09-19,13:00,Highway Junction,Friday,1172,64.7,Rain,28.0,3.3,Two-Wheeler,1
2025-09-19,13:00,Railway Station Road,Friday,691,36.1,Rain,28.0,3.3,Two-Wheeler,0
2025-09-19,13:00,Residential Ring Road,Friday,421,43.0,Rain,28.0,3.3,Bus,0
2025-09-19,13:00,University Avenue,Friday,754,38.4,Rain,28.0,3.3,Two-Wheeler,0
2025-09-19,14:00,Central Business District,Friday,932,36.9,Rain,27.6,2.3,Bus,0
2025-09-19,14:00,Highway Junction,Friday,1421,55.3,Rain,27.6,2.3,Car,0
2025-09-19,14:00,Railway Station Road,Friday,819,34.1,Rain,27.6,2.3,Two-Wheeler,0
2025-09-19,14:00,Residential Ring Road,Friday,378,47.7,Rain,27.6,2.3,Car,0
2025-09-19,14:00,University Avenue,Friday,777,41.3,Rain,27.6,2.3,Car,0
2025-09-19,15:00,Central Business District,Friday,1084,36.3,Rain,28.6,4.0,Auto Rickshaw,0
2025-09-19,15:00,Highway Junction,Friday,1525,54.2,Rain,28.6,4.0,Bus,0
2025-09-19,15:00,Railway Station Road,Friday,798,31.5,Rain,28.6,4.0,Two-Wheeler,0
2025-09-19,15:00,Residential Ring Road,Friday,385,44.3,Rain,28.6,4.0,Bus,0
2025-09-19,15:00,University Avenue,Friday,1056,28.0,Rain,28.6,4.0,Car,0
2025-09-19,16:00,Central Business District,Friday,1402,31.6,Rain,26.9,6.1,Two-Wheeler,0
2025-09-19,16:00,Highway Junction,Friday,1936,53.0,Rain,26.9,6.1,Car,0
2025-09-19,16:00,Railway Station Road,Friday,937,,Rain,26.9,6.1,Car,0
2025-09-19,16:00,Residential Ring Road,Friday,355,42.4,Rain,26.9,6.1,Car,0
2025-09-19,16:00,University Avenue,Friday,1196,29.4,Rain,26.9,6.1,Truck,0
2025-09-19,17:00,Central Business District,Friday,2056,28.1,Rain,27.0,2.6,Car,0
2025-09-19,17:00,Highway Junction,Friday,2210,45.6,Rain,27.0,2.6,Car,0
2025-09-19,17:00,Railway Station Road,Friday,1265,30.4,Rain,27.0,2.6,Two-Wheeler,0
2025-09-19,17:00,Residential Ring Road,Friday,473,44.5,Rain,27.0,2.6,Two-Wheeler,0
2025-09-19,17:00,University Avenue,Friday,1131,31.7,Rain,27.0,2.6,Two-Wheeler,0
2025-09-19,18:00,Central Business District,Friday,2106,22.0,Cloudy,29.5,0.0,Two-Wheeler,0
2025-09-19,18:00,Highway Junction,Friday,2388,44.2,Cloudy,29.5,0.0,Two-Wheeler,0
2025-09-19,18:00,Railway Station Road,Friday,1620,27.1,Cloudy,29.5,0.0,Two-Wheeler,0
2025-09-19,18:00,Residential Ring Road,Friday,590,42.0,Cloudy,29.5,0.0,Two-Wheeler,0
2025-09-19,18:00,University Avenue,Friday,825,42.0,Cloudy,29.5,0.0,Two-Wheeler,0
2025-09-19,19:00,Central Business District,Friday,1781,32.8,Cloudy,29.4,0.0,Car,0
2025-09-19,19:00,Highway Junction,Friday,1478,57.4,Cloudy,29.4,0.0,Two-Wheeler,0
2025-09-19,19:00,Railway Station Road,Friday,1636,23.7,Cloudy,29.4,0.0,Two-Wheeler,0
2025-09-19,19:00,Residential Ring Road,Friday,724,38.5,Cloudy,29.4,0.0,Car,0
2025-09-19,19:00,University Avenue,Friday,470,45.2,Cloudy,29.4,0.0,Bus,0
2025-09-19,20:00,Central Business District,Friday,1106,40.2,Cloudy,28.0,0.0,Car,0
2025-09-19,20:00,Highway Junction,Friday,969,65.3,Cloudy,28.0,0.0,Two-Wheeler,0
2025-09-19,20:00,Railway Station Road,Friday,1214,33.9,Cloudy,28.0,0.0,Two-Wheeler,0
2025-09-19,20:00,Residential Ring Road,Friday,589,39.4,Cloudy,28.0,0.0,Two-Wheeler,0
2025-09-19,20:00,University Avenue,Friday,239,50.2,Cloudy,28.0,0.0,Car,0
2025-09-19,21:00,Central Business District,Friday,561,42.5,Cloudy,26.8,0.0,Two-Wheeler,0
2025-09-19,21:00,Highway Junction,Friday,416,66.9,Cloudy,26.8,0.0,Two-Wheeler,0
2025-09-19,21:00,Railway Station Road,Friday,631,39.2,Cloudy,26.8,0.0,Car,0
2025-09-19,21:00,Residential Ring Road,Friday,380,45.3,Cloudy,26.8,0.0,Two-Wheeler,0
2025-09-19,21:00,University Avenue,Friday,143,49.7,Cloudy,26.8,0.0,Two-Wheeler,0
2025-09-19,22:00,Central Business District,Friday,252,43.2,Cloudy,25.7,0.0,Truck,0
2025-09-19,22:00,Highway Junction,Friday,243,70.8,Cloudy,25.7,0.0,Truck,0
2025-09-19,22:00,Railway Station Road,Friday,274,36.6,Cloudy,25.7,0.0,Truck,0
2025-09-19,22:00,Residential Ring Road,Friday,162,47.9,Cloudy,25.7,0.0,Truck,0
2025-09-19,22:00,University Avenue,Friday,101,52.9,Cloudy,25.7,0.0,Two-Wheeler,0
2025-09-19,23:00,Central Business District,Friday,183,44.5,Cloudy,24.9,0.0,Truck,0
2025-09-19,23:00,Highway Junction,Friday,168,69.6,Cloudy,24.9,0.0,Truck,0
2025-09-19,23:00,Railway Station Road,Friday,158,38.6,Cloudy,24.9,0.0,Truck,0
2025-09-19,23:00,Residential Ring Road,Friday,99,50.3,Cloudy,24.9,0.0,Truck,0
2025-09-19,23:00,University Avenue,Friday,97,51.0,Cloudy,24.9,0.0,Car,0
2025-09-20,00:00,Central Business District,Saturday,135,44.4,Cloudy,24.4,0.0,Car,0
2025-09-20,00:00,Highway Junction,Saturday,248,70.6,Cloudy,24.4,0.0,Auto Rickshaw,0
2025-09-20,00:00,Railway Station Road,Saturday,148,38.2,Cloudy,24.4,0.0,Car,0
2025-09-20,00:00,Residential Ring Road,Saturday,82,48.7,Cloudy,24.4,0.0,Bus,0
2025-09-20,00:00,University Avenue,Saturday,50,49.3,Cloudy,24.4,0.0,Bus,0
2025-09-20,01:00,Central Business District,Saturday,140,43.7,Cloudy,23.6,0.0,Car,0
2025-09-20,01:00,Highway Junction,Saturday,247,66.9,Cloudy,23.6,0.0,Two-Wheeler,0
2025-09-20,01:00,Railway Station Road,Saturday,138,40.8,Cloudy,23.6,0.0,Car,0
2025-09-20,01:00,Residential Ring Road,Saturday,85,46.0,Cloudy,23.6,0.0,Bus,0
2025-09-20,01:00,University Avenue,Saturday,57,48.5,Cloudy,23.6,0.0,Car,0
2025-09-20,02:00,Central Business District,Saturday,128,47.5,Cloudy,23.0,0.0,Bus,0
2025-09-20,02:00,Highway Junction,Saturday,241,66.9,Cloudy,23.0,0.0,Two-Wheeler,0
2025-09-20,02:00,Railway Station Road,Saturday,150,38.6,Cloudy,23.0,0.0,Two-Wheeler,0
2025-09-20,02:00,Residential Ring Road,Saturday,74,55.0,Cloudy,23.0,0.0,Bus,0
2025-09-20,02:00,University Avenue,Saturday,65,47.3,Cloudy,23.0,0.0,Bus,0
2025-09-20,03:00,Central Business District,Saturday,144,48.4,Cloudy,22.9,0.0,Car,0
2025-09-20,03:00,Highway Junction,Saturday,282,70.6,Cloudy,22.9,0.0,Auto Rickshaw,0
2025-09-20,03:00,Railway Station Road,Saturday,152,35.9,Cloudy,22.9,0.0,Truck,0
2025-09-20,03:00,Residential Ring Road,Saturday,98,47.9,Cloudy,22.9,0.0,Car,0
2025-09-20,03:00,University Avenue,Saturday,59,49.8,Cloudy,22.9,0.0,Two-Wheeler,0
2025-09-20,04:00,Central Business District,Saturday,155,46.8,Cloudy,22.9,0.0,Two-Wheeler,0
2025-09-20,04:00,Highway Junction,Saturday,306,68.1,Cloudy,22.9,0.0,Two-Wheeler,0
2025-09-20,04:00,Railway Station Road,Saturday,180,41.4,Cloudy,22.9,0.0,Two-Wheeler,0
2025-09-20,04:00,Residential Ring Road,Saturday,99,47.2,Cloudy,22.9,0.0,Car,0
2025-09-20,04:00,University Avenue,Saturday,59,50.7,Cloudy,22.9,0.0,Truck,0
2025-09-20,05:00,Central Business District,Saturday,157,44.5,Cloudy,24.7,0.0,Two-Wheeler,0
2025-09-20,05:00,Highway Junction,Saturday,352,65.2,Cloudy,24.7,0.0,Two-Wheeler,0
2025-09-20,05:00,Railway Station Road,Saturday,189,43.3,Cloudy,24.7,0.0,Truck,0
2025-09-20,05:00,Residential Ring Road,Saturday,114,50.5,Cloudy,24.7,0.0,Truck,0
2025-09-20,05:00,University Avenue,Saturday,84,51.7,Cloudy,24.7,0.0,Car,0
2025-09-20,06:00,Central Business District,Saturday,207,44.5,Cloudy,23.7,0.0,Two-Wheeler,0
2025-09-20,06:00,Highway Junction,Saturday,404,65.5,Cloudy,23.7,0.0,Car,0
2025-09-20,06:00,Railway Station Road,Saturday,220,40.1,Cloudy,23.7,0.0,Car,0
2025-09-20,06:00,Residential Ring Road,Saturday,152,49.8,Cloudy,23.7,0.0,Two-Wheeler,0
2025-09-20,06:00,University Avenue,Saturday,112,50.0,Cloudy,23.7,0.0,Car,0
2025-09-20,07:00,Central Business District,Saturday,292,42.1,Cloudy,24.5,0.0,Bus,0
2025-09-20,07:00,Highway Junction,Saturday,546,69.3,Cloudy,24.5,0.0,Two-Wheeler,0
2025-09-20,07:00,Railway Station Road,Saturday,312,39.1,Cloudy,24.5,0.0,Car,0
2025-09-20,07:00,Residential Ring Road,Saturday,188,45.7,Cloudy,24.5,0.0,Car,0
2025-09-20,07:00,University Avenue,Saturday,127,49.3,Cloudy,24.5,0.0,Bus,0
2025-09-20,08:00,Central Business District,Saturday,400,44.8,Cloudy,25.2,0.0,Two-Wheeler,0
2025-09-20,08:00,Highway Junction,Saturday,765,65.3,Cloudy,25.2,0.0,Car,0
2025-09-20,08:00,Railway Station Road,Saturday,392,39.6,Cloudy,25.2,0.0,Car,0
2025-09-20,08:00,Residential Ring Road,Saturday,267,46.6,Cloudy,25.2,0.0,Car,0
2025-09-20,08:00,University Avenue,Saturday,204,48.6,Cloudy,25.2,0.0,Two-Wheeler,0
2025-09-20,09:00,Central Business District,Saturday,493,43.6,Cloudy,26.2,0.0,Bus,0
2025-09-20,09:00,Highway Junction,Saturday,924,65.0,Cloudy,26.2,0.0,Two-Wheeler,0
2025-09-20,09:00,Railway Station Road,Saturday,581,38.2,Cloudy,26.2,0.0,Two-Wheeler,0
2025-09-20,09:00,Residential Ring Road,Saturday,358,42.1,Cloudy,26.2,0.0,Two-Wheeler,0
2025-09-20,09:00,University Avenue,Saturday,212,51.4,Cloudy,26.2,0.0,Truck,0
2025-09-20,10:00,Central Business District,Saturday,613,45.4,Cloudy,27.2,0.0,Two-Wheeler,0
2025-09-20,10:00,Highway Junction,Saturday,1225,62.0,Cloudy,27.2,0.0,Two-Wheeler,0
2025-09-20,10:00,Railway Station Road,Saturday,694,35.8,Cloudy,27.2,0.0,Car,0
2025-09-20,10:00,Residential Ring Road,Saturday,442,47.9,Cloudy,27.2,0.0,Truck,0
2025-09-20,10:00,University Avenue,Saturday,294,51.0,Cloudy,27.2,0.0,Two-Wheeler,0
2025-09-20,11:00,Central Business District,Saturday,863,39.4,Cloudy,28.5,0.0,Car,0
2025-09-20,11:00,Highway Junction,Saturday,1429,58.2,Cloudy,28.5,0.0,Two-Wheeler,0
2025-09-20,11:00,Railway Station Road,Saturday,929,34.7,Cloudy,28.5,0.0,Two-Wheeler,0
2025-09-20,11:00,Residential Ring Road,Saturday,519,43.1,Cloudy,28.5,0.0,Car,0
2025-09-20,11:00,University Avenue,Saturday,328,47.6,Cloudy,28.5,0.0,Two-Wheeler,0
2025-09-20,12:00,Central Business District,Saturday,885,39.3,Cloudy,30.1,0.0,Two-Wheeler,0
2025-09-20,12:00,Highway Junction,Saturday,1643,53.2,Cloudy,30.1,0.0,Truck,0
2025-09-20,12:00,Railway Station Road,Saturday,1109,30.1,Cloudy,,0.0,Two-Wheeler,0
2025-09-20,12:00,Residential Ring Road,Saturday,582,41.2,Cloudy,30.1,0.0,Car,0
2025-09-20,12:00,University Avenue,Saturday,429,45.8,Cloudy,30.1,0.0,Two-Wheeler,0
2025-09-20,13:00,Central Business District,Saturday,973,39.1,Cloudy,31.2,0.0,Two-Wheeler,0
2025-09-20,13:00,Highway Junction,Saturday,1674,55.5,Cloudy,31.2,0.0,Car,0
2025-09-20,13:00,Railway Station Road,Saturday,967,30.9,Cloudy,31.2,0.0,Two-Wheeler,0
2025-09-20,13:00,Residential Ring Road,Saturday,642,33.6,Cloudy,31.2,0.0,Auto Rickshaw,0
2025-09-20,13:00,University Avenue,Saturday,429,42.3,Cloudy,31.2,0.0,Two-Wheeler,0
2025-09-20,14:00,Central Business District,Saturday,1116,36.6,Cloudy,31.4,0.0,Two-Wheeler,0
2025-09-20,14:00,Highway Junction,Saturday,1894,55.2,Cloudy,31.4,0.0,Car,0
2025-09-20,14:00,Railway Station Road,Saturday,1024,34.2,Cloudy,31.4,0.0,Car,0
2025-09-20,14:00,Residential Ring Road,Saturday,525,41.8,Cloudy,31.4,0.0,Two-Wheeler,0
2025-09-20,14:00,University Avenue,Saturday,433,47.5,Cloudy,31.4,0.0,Two-Wheeler,0
2025-09-20,15:00,Central Business District,Saturday,899,40.1,Cloudy,30.9,0.0,Car,0
2025-09-20,15:00,Highway Junction,Saturday,1945,52.8,Cloudy,30.9,0.0,Car,0
2025-09-20,15:00,Railway Station Road,Saturday,1140,29.7,Cloudy,30.9,0.0,Two-Wheeler,0
2025-09-20,15:00,Residential Ring Road,Saturday,642,37.9,Cloudy,30.9,0.0,Car,0
2025-09-20,15:00,University Avenue,Saturday,470,47.6,Cloudy,30.9,0.0,Car,0
2025-09-20,16:00,Central Business District,Saturday,955,41.9,Cloudy,32.1,0.0,Bus,0
2025-09-20,16:00,Highway Junction,Saturday,1880,54.7,Cloudy,32.1,0.0,Two-Wheeler,0
2025-09-20,16:00,Railway Station Road,Saturday,1124,28.9,Cloudy,32.1,0.0,Two-Wheeler,0
2025-09-20,16:00,Residential Ring Road,Saturday,649,37.3,Cloudy,32.1,0.0,Two-Wheeler,1
2025-09-20,16:00,University Avenue,Saturday,447,49.2,Cloudy,32.1,0.0,Two-Wheeler,0
2025-09-20,17:00,Central Business District,Saturday,889,39.9,Cloudy,31.5,0.0,Two-Wheeler,0
2025-09-20,17:00,Highway Junction,Saturday,1850,54.6,Cloudy,31.5,0.0,Two-Wheeler,0
2025-09-20,17:00,Railway Station Road,Saturday,1071,31.3,Cloudy,31.5,0.0,Auto Rickshaw,0
2025-09-20,17:00,Residential Ring Road,Saturday,594,37.2,Cloudy,31.5,0.0,Two-Wheeler,0
2025-09-20,17:00,University Avenue,Saturday,443,43.2,Cloudy,31.5,0.0,Two-Wheeler,0
2025-09-20,18:00,Central Business District,Saturday,899,40.4,Cloudy,30.1,0.0,Car,0
2025-09-20,18:00,Highway Junction,Saturday,1792,53.8,Cloudy,30.1,0.0,Two-Wheeler,0
2025-09-20,18:00,Railway Station Road,Saturday,1108,36.3,Cloudy,30.1,0.0,Bus,0
2025-09-20,18:00,Residential Ring Road,Saturday,670,38.4,Cloudy,30.1,0.0,Two-Wheeler,0
2025-09-20,18:00,University Avenue,Saturday,485,42.1,Cloudy,30.1,0.0,Two-Wheeler,0
2025-09-20,19:00,Central Business District,Saturday,860,41.3,Cloudy,28.7,0.0,Two-Wheeler,0
2025-09-20,19:00,Highway Junction,Saturday,1725,59.8,Cloudy,28.7,0.0,Two-Wheeler,0
2025-09-20,19:00,Railway Station Road,Saturday,956,29.3,Cloudy,28.7,0.0,Car,0
2025-09-20,19:00,Residential Ring Road,Saturday,606,36.6,Cloudy,28.7,0.0,Auto Rickshaw,0
2025-09-20,19:00,University Avenue,Saturday,400,48.3,Cloudy,28.7,0.0,Car,0
2025-09-20,20:00,Central Business District,Saturday,892,43.3,Cloudy,,0.0,Car,0
2025-09-20,20:00,Highway Junction,Saturday,1311,58.6,Cloudy,28.6,0.0,Truck,0
2025-09-20,20:00,Railway Station Road,Saturday,788,34.9,Cloudy,28.6,0.0,Car,0
2025-09-20,20:00,Residential Ring Road,Saturday,521,41.2,Cloudy,28.6,0.0,Two-Wheeler,0
2025-09-20,20:00,University Avenue,Saturday,356,43.9,Cloudy,28.6,0.0,Two-Wheeler,0
2025-09-20,21:00,Central Business District,Saturday,671,41.3,Cloudy,27.2,0.0,Truck,0
2025-09-20,21:00,Highway Junction,Saturday,1137,63.6,Cloudy,27.2,0.0,Bus,0
2025-09-20,21:00,Railway Station Road,Saturday,649,34.5,Cloudy,27.2,0.0,Auto Rickshaw,0
2025-09-20,21:00,Residential Ring Road,Saturday,400,43.4,Cloudy,27.2,0.0,Car,0
2025-09-20,21:00,University Avenue,Saturday,298,44.2,Cloudy,27.2,0.0,Bus,0
2025-09-20,22:00,Central Business District,Saturday,474,42.3,Cloudy,24.7,0.0,Truck,0
2025-09-20,22:00,Highway Junction,Saturday,916,67.4,Cloudy,24.7,0.0,Two-Wheeler,0
2025-09-20,22:00,Railway Station Road,Saturday,464,37.3,Cloudy,24.7,0.0,Truck,0
2025-09-20,22:00,Residential Ring Road,Saturday,307,44.4,Cloudy,24.7,0.0,Truck,0
2025-09-20,22:00,University Avenue,Saturday,187,46.4,Cloudy,24.7,0.0,Car,0
2025-09-20,23:00,Central Business District,Saturday,284,44.1,Cloudy,24.7,0.0,Two-Wheeler,0
2025-09-20,23:00,Highway Junction,Saturday,580,68.3,Cloudy,24.7,0.0,Truck,0
2025-09-20,23:00,Railway Station Road,Saturday,362,40.3,Cloudy,24.7,0.0,Truck,0
2025-09-20,23:00,Residential Ring Road,Saturday,209,49.7,Cloudy,24.7,0.0,Car,0
2025-09-20,23:00,University Avenue,Saturday,144,48.2,Cloudy,24.7,0.0,Truck,0
2025-09-21,00:00,Central Business District,Sunday,134,45.3,Cloudy,23.1,0.0,Truck,0
2025-09-21,00:00,Highway Junction,Sunday,231,68.7,Cloudy,23.1,0.0,Bus,0
2025-09-21,00:00,Railway Station Road,Sunday,128,38.3,Cloudy,23.1,0.0,Truck,0
2025-09-21,00:00,Residential Ring Road,Sunday,77,48.1,Cloudy,23.1,0.0,Two-Wheeler,0
2025-09-21,00:00,University Avenue,Sunday,61,47.9,Cloudy,23.1,0.0,Car,0
2025-09-21,01:00,Central Business District,Sunday,122,43.9,Cloudy,23.3,0.0,Two-Wheeler,0
2025-09-21,01:00,Highway Junction,Sunday,232,69.4,Cloudy,23.3,0.0,Bus,0
2025-09-21,01:00,Railway Station Road,Sunday,133,39.5,Cloudy,23.3,0.0,Bus,0
2025-09-21,01:00,Residential Ring Road,Sunday,78,50.5,Cloudy,23.3,0.0,Truck,0
2025-09-21,01:00,University Avenue,Sunday,53,48.9,Cloudy,23.3,0.0,Truck,0
2025-09-21,02:00,Central Business District,Sunday,135,43.6,Cloudy,21.5,0.0,Auto Rickshaw,0
2025-09-21,02:00,Highway Junction,Sunday,237,69.1,Cloudy,21.5,0.0,Car,0
2025-09-21,02:00,Railway Station Road,Sunday,131,41.8,Cloudy,21.5,0.0,Truck,0
2025-09-21,02:00,Residential Ring Road,Sunday,82,50.3,Cloudy,21.5,0.0,Car,0
2025-09-21,02:00,University Avenue,Sunday,67,48.2,Cloudy,21.5,0.0,Bus,0
2025-09-21,03:00,Central Business District,Sunday,135,41.1,Cloudy,23.6,0.0,Two-Wheeler,0
2025-09-21,03:00,Highway Junction,Sunday,226,70.0,Cloudy,23.6,0.0,Car,0
2025-09-21,03:00,Railway Station Road,Sunday,172,39.6,Cloudy,23.6,0.0,Car,0
2025-09-21,03:00,Residential Ring Road,Sunday,93,51.5,Cloudy,23.6,0.0,Two-Wheeler,0
2025-09-21,03:00,University Avenue,Sunday,61,50.7,Cloudy,23.6,0.0,Car,0
2025-09-21,04:00,Central Business District,Sunday,152,47.1,Cloudy,23.7,0.0,Truck,0
2025-09-21,04:00,Highway Junction,Sunday,256,70.6,Cloudy,23.7,0.0,Truck,0
2025-09-21,04:00,Railway Station Road,Sunday,161,39.2,Cloudy,23.7,0.0,Two-Wheeler,0
2025-09-21,04:00,Residential Ring Road,Sunday,111,51.4,Cloudy,23.7,0.0,Truck,0
2025-09-21,04:00,University Avenue,Sunday,76,45.1,Cloudy,23.7,0.0,Car,0
2025-09-21,05:00,Central Business District,Sunday,176,48.6,Cloudy,22.9,0.0,Two-Wheeler,0
2025-09-21,05:00,Highway Junction,Sunday,320,70.3,Cloudy,22.9,0.0,Truck,0
2025-09-21,05:00,Railway Station Road,Sunday,179,40.7,Cloudy,22.9,0.0,Truck,0
2025-09-21,05:00,Residential Ring Road,Sunday,111,51.6,Cloudy,22.9,0.0,Truck,0
2025-09-21,05:00,University Avenue,Sunday,86,49.2,Cloudy,22.9,0.0,Bus,0
2025-09-21,06:00,Central Business District,Sunday,255,42.9,Cloudy,24.1,0.0,Two-Wheeler,0
2025-09-21,06:00,Highway Junction,Sunday,438,67.7,Cloudy,24.1,0.0,Two-Wheeler,0
2025-09-21,06:00,Railway Station Road,Sunday,270,38.5,Cloudy,24.1,0.0,Auto Rickshaw,0
2025-09-21,06:00,Residential Ring Road,Sunday,155,50.9,Cloudy,24.1,0.0,Car,0
2025-09-21,06:00,University Avenue,Sunday,102,52.2,Cloudy,24.1,0.0,Car,0
2025-09-21,07:00,Central Business District,Sunday,310,43.4,Cloudy,,0.0,Two-Wheeler,0
2025-09-21,07:00,Highway Junction,Sunday,542,64.8,Cloudy,22.8,0.0,Car,0
2025-09-21,07:00,Railway Station Road,Sunday,326,40.2,Cloudy,22.8,0.0,Car,0
2025-09-21,07:00,Residential Ring Road,Sunday,185,48.0,Cloudy,22.8,0.0,Bus,0
2025-09-21,07:00,University Avenue,Sunday,134,48.7,Cloudy,22.8,0.0,Truck,0
2025-09-21,08:00,Central Business District,Sunday,375,46.3,Cloudy,24.9,0.0,Bus,0
2025-09-21,08:00,Highway Junction,Sunday,728,64.7,Cloudy,24.9,0.0,Bus,0
2025-09-21,08:00,Railway Station Road,Sunday,455,38.0,Cloudy,24.9,0.0,Two-Wheeler,0
2025-09-21,08:00,Residential Ring Road,Sunday,268,46.8,Cloudy,24.9,0.0,Two-Wheeler,0
2025-09-21,08:00,University Avenue,Sunday,202,51.1,Cloudy,24.9,0.0,Car,0
2025-09-21,09:00,Central Business District,Sunday,490,40.9,Drizzle,23.6,1.6,Car,0
2025-09-21,09:00,Highway Junction,Sunday,925,66.8,Drizzle,23.6,1.6,Bus,0
2025-09-21,09:00,Railway Station Road,Sunday,515,38.6,Drizzle,23.6,1.6,Car,0
2025-09-21,09:00,Residential Ring Road,Sunday,291,42.6,Drizzle,23.6,1.6,Two-Wheeler,0
2025-09-21,09:00,University Avenue,Sunday,217,47.5,Drizzle,23.6,1.6,Two-Wheeler,0
2025-09-21,10:00,Central Business District,Sunday,639,37.5,Drizzle,27.3,0.4,Truck,0
2025-09-21,10:00,Highway Junction,Sunday,1371,59.5,Drizzle,27.3,0.4,Car,0
2025-09-21,10:00,Railway Station Road,Sunday,701,38.0,Drizzle,27.3,0.4,Two-Wheeler,0
2025-09-21,10:00,Residential Ring Road,Sunday,421,45.0,Drizzle,27.3,0.4,Auto Rickshaw,0
2025-09-21,10:00,University Avenue,Sunday,288,46.2,Drizzle,27.3,0.4,Two-Wheeler,0
2025-09-21,11:00,Central Business District,Sunday,734,45.4,Drizzle,26.1,1.0,Truck,0
2025-09-21,11:00,Highway Junction,Sunday,1370,55.7,Drizzle,26.1,1.0,Car,0
2025-09-21,11:00,Railway Station Road,Sunday,795,36.7,Drizzle,26.1,1.0,Two-Wheeler,0
2025-09-21,11:00,Residential Ring Road,Sunday,525,43.4,Drizzle,26.1,1.0,Car,0
2025-09-21,11:00,University Avenue,Sunday,345,50.9,Drizzle,26.1,1.0,Two-Wheeler,0
2025-09-21,12:00,Central Business District,Sunday,813,41.3,Drizzle,29.0,1.4,Bus,0
2025-09-21,12:00,Highway Junction,Sunday,1560,59.0,Drizzle,29.0,1.4,Two-Wheeler,0
2025-09-21,12:00,Railway Station Road,Sunday,974,33.1,Drizzle,29.0,1.4,Car,0
2025-09-21,12:00,Residential Ring Road,Sunday,566,39.3,Drizzle,29.0,1.4,Car,0
2025-09-21,12:00,University Avenue,Sunday,371,45.9,Drizzle,29.0,1.4,Car,0
2025-09-21,12:00,University Avenue,Sunday,371,45.9,Drizzle,29.0,1.4,Car,0
2025-09-21,13:00,Central Business District,Sunday,978,38.3,Drizzle,28.6,2.0,Auto Rickshaw,0
2025-09-21,13:00,Highway Junction,Sunday,1570,54.3,Drizzle,28.6,2.0,Auto Rickshaw,0
2025-09-21,13:00,Railway Station Road,Sunday,977,28.0,Drizzle,28.6,2.0,Two-Wheeler,0
2025-09-21,13:00,Residential Ring Road,Sunday,634,40.5,Drizzle,28.6,2.0,Two-Wheeler,0
2025-09-21,13:00,University Avenue,Sunday,403,43.5,Drizzle,28.6,2.0,Two-Wheeler,0
2025-09-21,14:00,Central Business District,Sunday,896,36.6,Cloudy,32.8,0.0,Bus,0
2025-09-21,14:00,Highway Junction,Sunday,1666,57.5,Cloudy,32.8,0.0,Two-Wheeler,0
2025-09-21,14:00,Railway Station Road,Sunday,998,31.3,Cloudy,32.8,0.0,Bus,0
2025-09-21,14:00,Residential Ring Road,Sunday,641,41.1,Cloudy,32.8,0.0,Bus,0
2025-09-21,14:00,University Avenue,Sunday,496,42.2,Cloudy,32.8,0.0,Car,1
2025-09-21,15:00,Central Business District,Sunday,960,39.2,Cloudy,30.2,0.0,Car,0
2025-09-21,15:00,Highway Junction,Sunday,1805,55.4,Cloudy,30.2,0.0,Car,0
2025-09-21,15:00,Railway Station Road,Sunday,1117,32.4,Cloudy,30.2,0.0,Car,1
2025-09-21,15:00,Residential Ring Road,Sunday,600,40.8,Cloudy,30.2,0.0,Two-Wheeler,0
2025-09-21,15:00,University Avenue,Sunday,426,48.6,Cloudy,30.2,0.0,Car,0
2025-09-21,16:00,Central Business District,Sunday,970,38.6,Cloudy,30.3,0.0,Auto Rickshaw,0
2025-09-21,16:00,Highway Junction,Sunday,2010,51.2,Cloudy,30.3,0.0,Two-Wheeler,0
2025-09-21,16:00,Railway Station Road,Sunday,1185,30.0,Cloudy,30.3,0.0,Car,0
2025-09-21,16:00,Residential Ring Road,Sunday,599,41.1,Cloudy,30.3,0.0,Auto Rickshaw,0
2025-09-21,16:00,University Avenue,Sunday,454,46.0,Cloudy,30.3,0.0,Car,0
2025-09-21,17:00,Central Business District,Sunday,952,40.9,Cloudy,30.6,0.0,Car,0
2025-09-21,17:00,Highway Junction,Sunday,1903,53.0,Cloudy,30.6,0.0,Bus,0
2025-09-21,17:00,Railway Station Road,Sunday,1059,36.8,Cloudy,30.6,0.0,Two-Wheeler,0
2025-09-21,17:00,Residential Ring Road,Sunday,663,37.5,Cloudy,30.6,0.0,Two-Wheeler,0
2025-09-21,17:00,University Avenue,Sunday,444,45.0,Cloudy,30.6,0.0,Car,0
2025-09-21,18:00,Central Business District,Sunday,909,37.0,Cloudy,29.8,0.0,Car,0
2025-09-21,18:00,Highway Junction,Sunday,1892,51.7,Cloudy,29.8,0.0,Truck,0
2025-09-21,18:00,Railway Station Road,Sunday,1092,29.8,Cloudy,29.8,0.0,Bus,0
2025-09-21,18:00,Residential Ring Road,Sunday,583,42.9,Cloudy,29.8,0.0,Car,0
2025-09-21,18:00,University Avenue,Sunday,496,46.4,Cloudy,29.8,0.0,Two-Wheeler,0
2025-09-21,19:00,Central Business District,Sunday,784,41.4,Cloudy,29.9,0.0,Auto Rickshaw,0
2025-09-21,19:00,Highway Junction,Sunday,1769,54.1,Cloudy,29.9,0.0,Two-Wheeler,0
2025-09-21,19:00,Railway Station Road,Sunday,1118,30.1,Cloudy,29.9,0.0,Two-Wheeler,0
2025-09-21,19:00,Residential Ring Road,Sunday,622,37.6,Cloudy,29.9,0.0,Two-Wheeler,0
2025-09-21,19:00,University Avenue,Sunday,406,47.3,Cloudy,29.9,0.0,Car,0
2025-09-21,20:00,Central Business District,Sunday,821,41.4,Cloudy,28.4,0.0,Two-Wheeler,0
2025-09-21,20:00,Highway Junction,Sunday,1569,52.6,Cloudy,28.4,0.0,Two-Wheeler,0
2025-09-21,20:00,Railway Station Road,Sunday,823,36.9,Cloudy,28.4,0.0,Two-Wheeler,0
2025-09-21,20:00,Residential Ring Road,Sunday,580,38.4,Cloudy,28.4,0.0,Two-Wheeler,0
2025-09-21,20:00,University Avenue,Sunday,332,46.6,Cloudy,28.4,0.0,Two-Wheeler,0
2025-09-21,21:00,Central Business District,Sunday,592,41.8,Cloudy,25.6,0.0,Car,0
2025-09-21,21:00,Highway Junction,Sunday,1300,63.2,Cloudy,25.6,0.0,Two-Wheeler,0
2025-09-21,21:00,Railway Station Road,Sunday,670,39.0,Cloudy,25.6,0.0,Car,0
2025-09-21,21:00,Residential Ring Road,Sunday,376,44.7,Cloudy,25.6,0.0,Two-Wheeler,0
2025-09-21,21:00,University Avenue,Sunday,294,49.3,Cloudy,25.6,0.0,Two-Wheeler,0
2025-09-21,22:00,Central Business District,Sunday,464,45.9,Cloudy,26.2,0.0,Truck,0
2025-09-21,22:00,Highway Junction,Sunday,819,65.3,Cloudy,26.2,0.0,Truck,0
2025-09-21,22:00,Railway Station Road,Sunday,471,38.6,Cloudy,26.2,0.0,Bus,0
2025-09-21,22:00,Residential Ring Road,Sunday,321,47.3,Cloudy,26.2,0.0,Car,0
2025-09-21,22:00,University Avenue,Sunday,219,51.0,Cloudy,26.2,0.0,Truck,0
2025-09-21,23:00,Central Business District,Sunday,270,47.0,Cloudy,24.3,0.0,Two-Wheeler,0
2025-09-21,23:00,Highway Junction,Sunday,611,64.2,Cloudy,24.3,0.0,Car,0
2025-09-21,23:00,Railway Station Road,Sunday,355,36.2,Cloudy,24.3,0.0,Bus,0
2025-09-21,23:00,Residential Ring Road,Sunday,196,46.0,Cloudy,24.3,0.0,Truck,0
2025-09-21,23:00,University Avenue,Sunday,146,48.2,Cloudy,24.3,0.0,Auto Rickshaw,0
